,SP500,Date,Returns
1,2265.2,2017-01-23,-6.110000000000127
2,2280.07,2017-01-24,14.870000000000346
3,2298.37,2017-01-25,18.299999999999727
4,2296.68,2017-01-26,-1.6900000000000546
5,2294.69,2017-01-27,-1.9899999999997817
6,2280.9,2017-01-30,-13.789999999999964
7,2278.87,2017-01-31,-2.0300000000002
8,2279.55,2017-02-01,0.680000000000291
9,2280.85,2017-02-02,1.2999999999997272
10,2297.42,2017-02-03,16.570000000000164
11,2292.56,2017-02-06,-4.860000000000127
12,2293.08,2017-02-07,0.5199999999999818
13,2294.67,2017-02-08,1.5900000000001455
14,2307.87,2017-02-09,13.199999999999818
15,2316.1,2017-02-10,8.230000000000018
16,2328.25,2017-02-13,12.150000000000091
17,2337.58,2017-02-14,9.329999999999927
18,2349.25,2017-02-15,11.670000000000073
19,2347.22,2017-02-16,-2.0300000000002
20,2351.16,2017-02-17,3.9400000000000546
22,2365.38,2017-02-21,14.220000000000255
23,2362.82,2017-02-22,-2.5599999999999454
24,2363.81,2017-02-23,0.9899999999997817
25,2367.34,2017-02-24,3.5300000000002
26,2369.75,2017-02-27,2.4099999999998545
27,2363.64,2017-02-28,-6.110000000000127
28,2395.96,2017-03-01,32.320000000000164
29,2381.92,2017-03-02,-14.039999999999964
30,2383.12,2017-03-03,1.199999999999818
31,2375.31,2017-03-06,-7.809999999999945
32,2368.39,2017-03-07,-6.920000000000073
33,2362.98,2017-03-08,-5.4099999999998545
34,2364.87,2017-03-09,1.8899999999998727
35,2372.6,2017-03-10,7.730000000000018
36,2373.47,2017-03-13,0.8699999999998909
37,2365.45,2017-03-14,-8.019999999999982
38,2385.26,2017-03-15,19.8100000000004
39,2381.38,2017-03-16,-3.880000000000109
40,2378.25,2017-03-17,-3.130000000000109
41,2373.47,2017-03-20,-4.7800000000002
42,2344.02,2017-03-21,-29.449999999999818
43,2348.45,2017-03-22,4.429999999999836
44,2345.96,2017-03-23,-2.4899999999997817
45,2343.98,2017-03-24,-1.9800000000000182
46,2341.59,2017-03-27,-2.3899999999998727
47,2358.57,2017-03-28,16.980000000000018
48,2361.13,2017-03-29,2.5599999999999454
49,2368.06,2017-03-30,6.929999999999836
50,2362.72,2017-03-31,-5.3400000000001455
51,2358.84,2017-04-03,-3.8799999999996544
52,2360.16,2017-04-04,1.319999999999709
53,2352.95,2017-04-05,-7.210000000000036
54,2357.49,2017-04-06,4.539999999999964
55,2355.54,2017-04-07,-1.949999999999818
56,2357.16,2017-04-10,1.6199999999998909
57,2353.78,2017-04-11,-3.3799999999996544
58,2344.93,2017-04-12,-8.850000000000364
59,2328.95,2017-04-13,-15.980000000000018
61,2349.01,2017-04-17,20.0600000000004
62,2342.19,2017-04-18,-6.820000000000164
63,2338.17,2017-04-19,-4.019999999999982
64,2355.84,2017-04-20,17.670000000000073
65,2348.69,2017-04-21,-7.150000000000091
66,2374.15,2017-04-24,25.460000000000036
67,2388.61,2017-04-25,14.460000000000036
68,2387.45,2017-04-26,-1.1600000000003092
69,2388.77,2017-04-27,1.3200000000001637
70,2384.2,2017-04-28,-4.570000000000164
71,2388.33,2017-05-01,4.130000000000109
72,2391.17,2017-05-02,2.8400000000001455
73,2388.13,2017-05-03,-3.0399999999999636
74,2389.52,2017-05-04,1.3899999999998727
75,2399.29,2017-05-05,9.769999999999982
76,2399.38,2017-05-08,0.09000000000014552
77,2396.92,2017-05-09,-2.4600000000000364
78,2399.63,2017-05-10,2.7100000000000364
79,2394.44,2017-05-11,-5.190000000000055
80,2390.9,2017-05-12,-3.5399999999999636
81,2402.32,2017-05-15,11.420000000000073
82,2400.67,2017-05-16,-1.650000000000091
83,2357.03,2017-05-17,-43.63999999999987
84,2365.72,2017-05-18,8.6899999999996
85,2381.73,2017-05-19,16.01000000000022
86,2394.02,2017-05-22,12.289999999999964
87,2398.42,2017-05-23,4.400000000000091
88,2404.39,2017-05-24,5.9699999999998
89,2415.07,2017-05-25,10.680000000000291
90,2415.82,2017-05-26,0.75
92,2412.91,2017-05-30,-2.9100000000003092
93,2411.8,2017-05-31,-1.1099999999996726
94,2430.06,2017-06-01,18.259999999999764
95,2439.07,2017-06-02,9.010000000000218
96,2436.1,2017-06-05,-2.9700000000002547
97,2429.33,2017-06-06,-6.769999999999982
98,2433.14,2017-06-07,3.8099999999999454
99,2433.79,2017-06-08,0.650000000000091
100,2431.77,2017-06-09,-2.019999999999982
101,2429.39,2017-06-12,-2.380000000000109
102,2440.35,2017-06-13,10.960000000000036
103,2437.92,2017-06-14,-2.4299999999998363
104,2432.46,2017-06-15,-5.460000000000036
105,2433.15,2017-06-16,0.6900000000000546
106,2453.46,2017-06-19,20.309999999999945
107,2437.03,2017-06-20,-16.429999999999836
108,2435.61,2017-06-21,-1.4200000000000728
109,2434.5,2017-06-22,-1.1100000000001273
110,2438.3,2017-06-23,3.800000000000182
111,2439.07,2017-06-26,0.7699999999999818
112,2419.38,2017-06-27,-19.690000000000055
113,2440.69,2017-06-28,21.309999999999945
114,2419.7,2017-06-29,-20.990000000000236
115,2423.41,2017-06-30,3.7100000000000364
116,2429.01,2017-07-03,5.600000000000364
118,2432.54,2017-07-05,3.5299999999997453
119,2409.75,2017-07-06,-22.789999999999964
120,2425.18,2017-07-07,15.429999999999836
121,2427.43,2017-07-10,2.25
122,2425.53,2017-07-11,-1.8999999999996362
123,2443.25,2017-07-12,17.7199999999998
124,2447.83,2017-07-13,4.579999999999927
125,2459.27,2017-07-14,11.440000000000055
126,2459.14,2017-07-17,-0.13000000000010914
127,2460.61,2017-07-18,1.4700000000002547
128,2473.83,2017-07-19,13.2199999999998
129,2473.45,2017-07-20,-0.38000000000010914
130,2472.54,2017-07-21,-0.9099999999998545
131,2469.91,2017-07-24,-2.630000000000109
132,2477.13,2017-07-25,7.220000000000255
133,2477.83,2017-07-26,0.6999999999998181
134,2475.42,2017-07-27,-2.4099999999998545
135,2472.1,2017-07-28,-3.3200000000001637
136,2470.3,2017-07-31,-1.7999999999997272
137,2476.35,2017-08-01,6.049999999999727
138,2477.57,2017-08-02,1.2200000000002547
139,2472.16,2017-08-03,-5.410000000000309
140,2476.83,2017-08-04,4.670000000000073
141,2480.91,2017-08-07,4.079999999999927
142,2474.92,2017-08-08,-5.989999999999782
143,2474.02,2017-08-09,-0.900000000000091
144,2438.21,2017-08-10,-35.809999999999945
145,2441.32,2017-08-11,3.1100000000001273
146,2465.84,2017-08-14,24.519999999999982
147,2464.61,2017-08-15,-1.2300000000000182
148,2468.11,2017-08-16,3.5
149,2430.01,2017-08-17,-38.09999999999991
150,2425.55,2017-08-18,-4.460000000000036
151,2428.37,2017-08-21,2.819999999999709
152,2452.51,2017-08-22,24.140000000000327
153,2444.04,2017-08-23,-8.470000000000255
154,2438.97,2017-08-24,-5.070000000000164
155,2443.05,2017-08-25,4.080000000000382
156,2444.24,2017-08-28,1.1899999999995998
157,2446.3,2017-08-29,2.0600000000004
158,2457.59,2017-08-30,11.289999999999964
159,2471.65,2017-08-31,14.059999999999945
160,2476.55,2017-09-01,4.900000000000091
162,2457.85,2017-09-05,-18.700000000000273
163,2465.54,2017-09-06,7.690000000000055
164,2465.1,2017-09-07,-0.44000000000005457
165,2461.43,2017-09-08,-3.6700000000000728
166,2488.11,2017-09-11,26.68000000000029
167,2496.48,2017-09-12,8.36999999999989
168,2498.37,2017-09-13,1.8899999999998727
169,2495.62,2017-09-14,-2.75
170,2500.23,2017-09-15,4.610000000000127
171,2503.87,2017-09-18,3.6399999999998727
172,2506.65,2017-09-19,2.7800000000002
173,2508.24,2017-09-20,1.5899999999996908
174,2500.6,2017-09-21,-7.639999999999873
175,2502.22,2017-09-22,1.6199999999998909
176,2496.66,2017-09-25,-5.559999999999945
177,2496.84,2017-09-26,0.18000000000029104
178,2507.04,2017-09-27,10.199999999999818
179,2510.06,2017-09-28,3.019999999999982
180,2519.36,2017-09-29,9.300000000000182
181,2529.12,2017-10-02,9.759999999999764
182,2534.58,2017-10-03,5.460000000000036
183,2537.74,2017-10-04,3.1599999999998545
184,2552.07,2017-10-05,14.330000000000382
185,2549.33,2017-10-06,-2.7400000000002365
186,2544.73,2017-10-09,-4.599999999999909
187,2550.64,2017-10-10,5.9099999999998545
188,2555.24,2017-10-11,4.599999999999909
189,2550.93,2017-10-12,-4.309999999999945
190,2553.17,2017-10-13,2.2400000000002365
191,2557.64,2017-10-16,4.4699999999998
192,2559.36,2017-10-17,1.7200000000002547
193,2561.26,2017-10-18,1.900000000000091
194,2562.1,2017-10-19,0.8399999999996908
195,2575.21,2017-10-20,13.110000000000127
196,2564.98,2017-10-23,-10.230000000000018
197,2569.13,2017-10-24,4.150000000000091
198,2557.15,2017-10-25,-11.980000000000018
199,2560.4,2017-10-26,3.25
200,2581.07,2017-10-27,20.670000000000073
201,2572.83,2017-10-30,-8.240000000000236
202,2575.26,2017-10-31,2.430000000000291
203,2579.36,2017-11-01,4.099999999999909
204,2579.85,2017-11-02,0.4899999999997817
205,2587.84,2017-11-03,7.9900000000002365
206,2591.13,2017-11-06,3.2899999999999636
207,2590.64,2017-11-07,-0.49000000000023647
208,2594.38,2017-11-08,3.7400000000002365
209,2584.62,2017-11-09,-9.760000000000218
210,2582.3,2017-11-10,-2.319999999999709
211,2584.84,2017-11-13,2.5399999999999636
212,2578.87,2017-11-14,-5.970000000000255
213,2564.62,2017-11-15,-14.25
214,2585.64,2017-11-16,21.019999999999982
215,2578.85,2017-11-17,-6.789999999999964
216,2582.14,2017-11-20,3.2899999999999636
217,2599.03,2017-11-21,16.890000000000327
218,2597.08,2017-11-22,-1.9500000000002728
220,2602.42,2017-11-24,5.3400000000001455
221,2601.42,2017-11-27,-1.0
222,2627.04,2017-11-28,25.61999999999989
223,2626.07,2017-11-29,-0.9699999999997999
224,2647.58,2017-11-30,21.509999999999764
225,2642.22,2017-12-01,-5.360000000000127
226,2639.44,2017-12-04,-2.7799999999997453
227,2629.57,2017-12-05,-9.86999999999989
228,2629.27,2017-12-06,-0.3000000000001819
229,2636.98,2017-12-07,7.710000000000036
230,2651.5,2017-12-08,14.519999999999982
231,2659.99,2017-12-11,8.489999999999782
232,2664.11,2017-12-12,4.120000000000346
233,2662.85,2017-12-13,-1.2600000000002183
234,2652.01,2017-12-14,-10.83999999999969
235,2675.81,2017-12-15,23.799999999999727
236,2690.16,2017-12-18,14.349999999999909
237,2681.47,2017-12-19,-8.690000000000055
238,2679.25,2017-12-20,-2.2199999999998
239,2684.57,2017-12-21,5.320000000000164
240,2683.34,2017-12-22,-1.2300000000000182
242,2680.5,2017-12-26,-2.8400000000001455
243,2682.62,2017-12-27,2.119999999999891
244,2687.54,2017-12-28,4.920000000000073
245,2673.61,2017-12-29,-13.929999999999836
247,2695.81,2018-01-02,22.199999999999818
248,2713.06,2018-01-03,17.25
249,2723.99,2018-01-04,10.929999999999836
250,2743.15,2018-01-05,19.16000000000031
251,2747.71,2018-01-08,4.559999999999945
252,2751.29,2018-01-09,3.5799999999999272
253,2748.23,2018-01-10,-3.0599999999999454
254,2767.56,2018-01-11,19.329999999999927
255,2786.24,2018-01-12,18.679999999999836
257,2776.42,2018-01-16,-9.819999999999709
258,2802.56,2018-01-17,26.139999999999873
259,2798.03,2018-01-18,-4.529999999999745
260,2810.3,2018-01-19,12.269999999999982
261,2832.97,2018-01-22,22.669999999999618
262,2839.13,2018-01-23,6.160000000000309
263,2837.54,2018-01-24,-1.5900000000001455
264,2839.25,2018-01-25,1.7100000000000364
265,2872.87,2018-01-26,33.61999999999989
266,2853.53,2018-01-29,-19.33999999999969
267,2822.43,2018-01-30,-31.100000000000364
268,2823.81,2018-01-31,1.3800000000001091
269,2821.98,2018-02-01,-1.8299999999999272
270,2762.13,2018-02-02,-59.84999999999991
271,2648.94,2018-02-05,-113.19000000000005
272,2695.14,2018-02-06,46.19999999999982
273,2681.66,2018-02-07,-13.480000000000018
274,2581.0,2018-02-08,-100.65999999999985
275,2619.55,2018-02-09,38.55000000000018
276,2656.0,2018-02-12,36.44999999999982
277,2662.94,2018-02-13,6.940000000000055
278,2698.63,2018-02-14,35.690000000000055
279,2731.2,2018-02-15,32.56999999999971
280,2732.22,2018-02-16,1.0199999999999818
282,2716.26,2018-02-20,-15.959999999999582
283,2701.33,2018-02-21,-14.930000000000291
284,2703.96,2018-02-22,2.630000000000109
285,2747.3,2018-02-23,43.340000000000146
286,2779.6,2018-02-26,32.29999999999973
287,2744.28,2018-02-27,-35.31999999999971
288,2713.83,2018-02-28,-30.450000000000273
289,2677.67,2018-03-01,-36.159999999999854
290,2691.25,2018-03-02,13.579999999999927
291,2720.94,2018-03-05,29.690000000000055
292,2728.12,2018-03-06,7.179999999999836
293,2726.8,2018-03-07,-1.319999999999709
294,2738.97,2018-03-08,12.169999999999618
295,2786.57,2018-03-09,47.600000000000364
296,2783.02,2018-03-12,-3.550000000000182
297,2765.31,2018-03-13,-17.710000000000036
298,2749.48,2018-03-14,-15.829999999999927
299,2747.33,2018-03-15,-2.150000000000091
300,2752.01,2018-03-16,4.680000000000291
301,2712.92,2018-03-19,-39.090000000000146
302,2716.94,2018-03-20,4.019999999999982
303,2711.93,2018-03-21,-5.010000000000218
304,2643.69,2018-03-22,-68.23999999999978
305,2588.26,2018-03-23,-55.429999999999836
306,2658.55,2018-03-26,70.28999999999996
307,2612.62,2018-03-27,-45.93000000000029
308,2605.0,2018-03-28,-7.619999999999891
309,2640.87,2018-03-29,35.86999999999989
311,2581.88,2018-04-02,-58.98999999999978
312,2614.45,2018-04-03,32.56999999999971
313,2644.69,2018-04-04,30.240000000000236
314,2662.84,2018-04-05,18.15000000000009
315,2604.47,2018-04-06,-58.370000000000346
316,2613.16,2018-04-09,8.690000000000055
317,2656.87,2018-04-10,43.710000000000036
318,2642.19,2018-04-11,-14.679999999999836
319,2663.99,2018-04-12,21.799999999999727
320,2656.3,2018-04-13,-7.6899999999996
321,2677.84,2018-04-16,21.539999999999964
322,2706.39,2018-04-17,28.549999999999727
323,2708.64,2018-04-18,2.25
324,2693.13,2018-04-19,-15.509999999999764
325,2670.14,2018-04-20,-22.990000000000236
326,2670.29,2018-04-23,0.15000000000009095
327,2634.56,2018-04-24,-35.73000000000002
328,2639.4,2018-04-25,4.8400000000001455
329,2666.94,2018-04-26,27.539999999999964
330,2669.91,2018-04-27,2.9699999999998
331,2648.05,2018-04-30,-21.859999999999673
332,2654.8,2018-05-01,6.75
333,2635.67,2018-05-02,-19.13000000000011
334,2629.73,2018-05-03,-5.940000000000055
335,2663.42,2018-05-04,33.690000000000055
336,2672.63,2018-05-07,9.210000000000036
337,2671.92,2018-05-08,-0.7100000000000364
338,2697.79,2018-05-09,25.86999999999989
339,2723.07,2018-05-10,25.2800000000002
340,2727.72,2018-05-11,4.649999999999636
341,2730.13,2018-05-14,2.4100000000003092
342,2711.45,2018-05-15,-18.68000000000029
343,2722.46,2018-05-16,11.010000000000218
344,2720.13,2018-05-17,-2.3299999999999272
345,2712.97,2018-05-18,-7.160000000000309
346,2733.01,2018-05-21,20.04000000000042
347,2724.44,2018-05-22,-8.570000000000164
348,2733.29,2018-05-23,8.849999999999909
349,2727.76,2018-05-24,-5.529999999999745
350,2721.33,2018-05-25,-6.430000000000291
352,2689.86,2018-05-29,-31.4699999999998
353,2724.01,2018-05-30,34.15000000000009
354,2705.27,2018-05-31,-18.740000000000236
355,2734.62,2018-06-01,29.34999999999991
356,2746.87,2018-06-04,12.25
357,2748.8,2018-06-05,1.930000000000291
358,2772.35,2018-06-06,23.549999999999727
359,2770.37,2018-06-07,-1.9800000000000182
360,2779.03,2018-06-08,8.66000000000031
361,2782.0,2018-06-11,2.9699999999998
362,2786.85,2018-06-12,4.849999999999909
363,2775.63,2018-06-13,-11.2199999999998
364,2782.49,2018-06-14,6.859999999999673
365,2779.66,2018-06-15,-2.8299999999999272
366,2773.75,2018-06-18,-5.9099999999998545
367,2762.59,2018-06-19,-11.159999999999854
368,2767.32,2018-06-20,4.730000000000018
369,2749.76,2018-06-21,-17.559999999999945
370,2754.88,2018-06-22,5.119999999999891
371,2717.07,2018-06-25,-37.809999999999945
372,2723.06,2018-06-26,5.989999999999782
373,2699.63,2018-06-27,-23.429999999999836
374,2716.31,2018-06-28,16.679999999999836
375,2718.37,2018-06-29,2.0599999999999454
376,2726.71,2018-07-02,8.340000000000146
377,2713.22,2018-07-03,-13.490000000000236
379,2736.61,2018-07-05,23.390000000000327
380,2759.82,2018-07-06,23.210000000000036
381,2784.17,2018-07-09,24.34999999999991
382,2793.84,2018-07-10,9.670000000000073
383,2774.02,2018-07-11,-19.820000000000164
384,2798.29,2018-07-12,24.269999999999982
385,2801.31,2018-07-13,3.019999999999982
386,2798.43,2018-07-16,-2.880000000000109
387,2809.55,2018-07-17,11.120000000000346
388,2815.62,2018-07-18,6.069999999999709
389,2804.49,2018-07-19,-11.13000000000011
390,2801.83,2018-07-20,-2.6599999999998545
391,2806.98,2018-07-23,5.150000000000091
392,2820.4,2018-07-24,13.420000000000073
393,2846.07,2018-07-25,25.670000000000073
394,2837.44,2018-07-26,-8.63000000000011
395,2818.82,2018-07-27,-18.61999999999989
396,2802.6,2018-07-30,-16.220000000000255
397,2816.29,2018-07-31,13.690000000000055
398,2813.36,2018-08-01,-2.9299999999998363
399,2827.22,2018-08-02,13.859999999999673
400,2840.35,2018-08-03,13.13000000000011
401,2850.4,2018-08-06,10.050000000000182
402,2858.45,2018-08-07,8.049999999999727
403,2857.7,2018-08-08,-0.75
404,2853.58,2018-08-09,-4.119999999999891
405,2833.28,2018-08-10,-20.299999999999727
406,2821.93,2018-08-13,-11.350000000000364
407,2839.96,2018-08-14,18.0300000000002
408,2818.37,2018-08-15,-21.590000000000146
409,2840.69,2018-08-16,22.320000000000164
410,2850.13,2018-08-17,9.440000000000055
411,2857.05,2018-08-20,6.920000000000073
412,2862.96,2018-08-21,5.9099999999998545
413,2861.82,2018-08-22,-1.1399999999998727
414,2856.98,2018-08-23,-4.8400000000001455
415,2874.69,2018-08-24,17.710000000000036
416,2896.74,2018-08-27,22.049999999999727
417,2897.52,2018-08-28,0.7800000000002001
418,2914.04,2018-08-29,16.519999999999982
419,2901.13,2018-08-30,-12.909999999999854
420,2901.52,2018-08-31,0.38999999999987267
422,2896.72,2018-09-04,-4.800000000000182
423,2888.6,2018-09-05,-8.11999999999989
424,2878.05,2018-09-06,-10.549999999999727
425,2871.68,2018-09-07,-6.370000000000346
426,2877.13,2018-09-10,5.450000000000273
427,2887.89,2018-09-11,10.759999999999764
428,2888.92,2018-09-12,1.0300000000002
429,2904.18,2018-09-13,15.259999999999764
430,2904.98,2018-09-14,0.8000000000001819
431,2888.8,2018-09-17,-16.179999999999836
432,2904.31,2018-09-18,15.509999999999764
433,2907.95,2018-09-19,3.6399999999998727
434,2930.75,2018-09-20,22.800000000000182
435,2929.67,2018-09-21,-1.0799999999999272
436,2919.37,2018-09-24,-10.300000000000182
437,2915.56,2018-09-25,-3.8099999999999454
438,2905.97,2018-09-26,-9.590000000000146
439,2914.0,2018-09-27,8.0300000000002
440,2913.98,2018-09-28,-0.01999999999998181
441,2924.59,2018-10-01,10.610000000000127
442,2923.43,2018-10-02,-1.1600000000003092
443,2925.51,2018-10-03,2.080000000000382
444,2901.61,2018-10-04,-23.90000000000009
445,2885.57,2018-10-05,-16.039999999999964
446,2884.43,2018-10-08,-1.1400000000003274
447,2880.34,2018-10-09,-4.089999999999691
448,2785.68,2018-10-10,-94.66000000000031
449,2728.37,2018-10-11,-57.309999999999945
450,2767.13,2018-10-12,38.76000000000022
451,2750.79,2018-10-15,-16.340000000000146
452,2809.92,2018-10-16,59.13000000000011
453,2809.21,2018-10-17,-0.7100000000000364
454,2768.78,2018-10-18,-40.429999999999836
455,2767.78,2018-10-19,-1.0
456,2755.88,2018-10-22,-11.900000000000091
457,2740.69,2018-10-23,-15.190000000000055
458,2656.1,2018-10-24,-84.59000000000015
459,2705.57,2018-10-25,49.470000000000255
460,2658.69,2018-10-26,-46.88000000000011
461,2641.25,2018-10-29,-17.440000000000055
462,2682.63,2018-10-30,41.38000000000011
463,2711.74,2018-10-31,29.109999999999673
464,2740.37,2018-11-01,28.63000000000011
465,2723.06,2018-11-02,-17.309999999999945
466,2738.31,2018-11-05,15.25
467,2755.45,2018-11-06,17.139999999999873
468,2813.89,2018-11-07,58.440000000000055
469,2806.83,2018-11-08,-7.059999999999945
470,2781.01,2018-11-09,-25.81999999999971
471,2726.22,2018-11-12,-54.79000000000042
472,2722.18,2018-11-13,-4.039999999999964
473,2701.58,2018-11-14,-20.59999999999991
474,2730.2,2018-11-15,28.61999999999989
475,2736.27,2018-11-16,6.070000000000164
476,2690.73,2018-11-19,-45.539999999999964
477,2641.89,2018-11-20,-48.840000000000146
478,2649.93,2018-11-21,8.039999999999964
480,2632.56,2018-11-23,-17.36999999999989
481,2673.45,2018-11-26,40.88999999999987
482,2682.17,2018-11-27,8.720000000000255
483,2743.79,2018-11-28,61.61999999999989
484,2737.76,2018-11-29,-6.029999999999745
485,2760.17,2018-11-30,22.409999999999854
486,2790.37,2018-12-03,30.199999999999818
487,2700.06,2018-12-04,-90.30999999999995
489,2695.95,2018-12-06,-4.110000000000127
490,2633.08,2018-12-07,-62.86999999999989
491,2637.72,2018-12-10,4.639999999999873
492,2636.78,2018-12-11,-0.9399999999995998
493,2651.07,2018-12-12,14.289999999999964
494,2650.54,2018-12-13,-0.5300000000002001
495,2599.95,2018-12-14,-50.590000000000146
496,2545.94,2018-12-17,-54.00999999999976
497,2546.16,2018-12-18,0.2199999999997999
498,2506.96,2018-12-19,-39.19999999999982
499,2467.42,2018-12-20,-39.539999999999964
500,2416.62,2018-12-21,-50.80000000000018
501,2351.1,2018-12-24,-65.51999999999998
503,2467.7,2018-12-26,116.59999999999991
504,2488.83,2018-12-27,21.13000000000011
505,2485.74,2018-12-28,-3.0900000000001455
506,2506.85,2018-12-31,21.110000000000127
508,2510.03,2019-01-02,3.180000000000291
509,2447.89,2019-01-03,-62.14000000000033
510,2531.94,2019-01-04,84.05000000000018
511,2549.69,2019-01-07,17.75
512,2574.41,2019-01-08,24.7199999999998
513,2584.96,2019-01-09,10.550000000000182
514,2596.64,2019-01-10,11.679999999999836
515,2596.26,2019-01-11,-0.3799999999996544
516,2582.61,2019-01-14,-13.650000000000091
517,2610.3,2019-01-15,27.690000000000055
518,2616.1,2019-01-16,5.799999999999727
519,2635.96,2019-01-17,19.860000000000127
520,2670.71,2019-01-18,34.75
522,2632.9,2019-01-22,-37.809999999999945
523,2638.7,2019-01-23,5.799999999999727
524,2642.33,2019-01-24,3.630000000000109
525,2664.76,2019-01-25,22.43000000000029
526,2643.85,2019-01-28,-20.91000000000031
527,2640.0,2019-01-29,-3.849999999999909
528,2681.05,2019-01-30,41.05000000000018
529,2704.1,2019-01-31,23.049999999999727
530,2706.53,2019-02-01,2.430000000000291
531,2724.87,2019-02-04,18.33999999999969
532,2737.7,2019-02-05,12.829999999999927
533,2731.61,2019-02-06,-6.089999999999691
534,2706.05,2019-02-07,-25.559999999999945
535,2707.88,2019-02-08,1.8299999999999272
536,2709.8,2019-02-11,1.9200000000000728
537,2744.73,2019-02-12,34.929999999999836
538,2753.03,2019-02-13,8.300000000000182
539,2745.73,2019-02-14,-7.300000000000182
540,2775.6,2019-02-15,29.86999999999989
542,2779.76,2019-02-19,4.160000000000309
543,2784.7,2019-02-20,4.9399999999996
544,2774.88,2019-02-21,-9.819999999999709
545,2792.67,2019-02-22,17.789999999999964
546,2796.11,2019-02-25,3.4400000000000546
547,2793.9,2019-02-26,-2.2100000000000364
548,2792.38,2019-02-27,-1.5199999999999818
549,2784.49,2019-02-28,-7.890000000000327
550,2803.69,2019-03-01,19.200000000000273
551,2792.81,2019-03-04,-10.88000000000011
552,2789.65,2019-03-05,-3.1599999999998545
553,2771.45,2019-03-06,-18.200000000000273
554,2748.93,2019-03-07,-22.519999999999982
555,2743.07,2019-03-08,-5.859999999999673
556,2783.3,2019-03-11,40.23000000000002
557,2791.52,2019-03-12,8.2199999999998
558,2810.92,2019-03-13,19.40000000000009
559,2808.48,2019-03-14,-2.4400000000000546
560,2822.48,2019-03-15,14.0
561,2832.94,2019-03-18,10.460000000000036
562,2832.57,2019-03-19,-0.36999999999989086
563,2824.23,2019-03-20,-8.340000000000146
564,2854.88,2019-03-21,30.65000000000009
565,2800.71,2019-03-22,-54.17000000000007
566,2798.36,2019-03-25,-2.349999999999909
567,2818.46,2019-03-26,20.09999999999991
568,2805.37,2019-03-27,-13.090000000000146
569,2815.44,2019-03-28,10.070000000000164
570,2834.4,2019-03-29,18.960000000000036
571,2867.19,2019-04-01,32.789999999999964
572,2867.24,2019-04-02,0.04999999999972715
573,2873.4,2019-04-03,6.160000000000309
574,2879.39,2019-04-04,5.989999999999782
575,2892.74,2019-04-05,13.349999999999909
576,2895.77,2019-04-08,3.0300000000002
577,2878.2,2019-04-09,-17.570000000000164
578,2888.21,2019-04-10,10.010000000000218
579,2888.32,2019-04-11,0.11000000000012733
580,2907.41,2019-04-12,19.08999999999969
581,2905.58,2019-04-15,-1.8299999999999272
582,2907.06,2019-04-16,1.4800000000000182
583,2900.45,2019-04-17,-6.610000000000127
584,2905.03,2019-04-18,4.580000000000382
586,2907.97,2019-04-22,2.9399999999996
587,2933.68,2019-04-23,25.710000000000036
588,2927.25,2019-04-24,-6.429999999999836
589,2926.17,2019-04-25,-1.0799999999999272
590,2939.88,2019-04-26,13.710000000000036
591,2943.03,2019-04-29,3.150000000000091
592,2945.83,2019-04-30,2.799999999999727
593,2923.73,2019-05-01,-22.09999999999991
594,2917.52,2019-05-02,-6.210000000000036
595,2945.64,2019-05-03,28.11999999999989
596,2932.47,2019-05-06,-13.170000000000073
597,2884.05,2019-05-07,-48.41999999999962
598,2879.42,2019-05-08,-4.630000000000109
599,2870.72,2019-05-09,-8.700000000000273
600,2881.4,2019-05-10,10.680000000000291
601,2811.87,2019-05-13,-69.5300000000002
602,2834.41,2019-05-14,22.539999999999964
603,2850.96,2019-05-15,16.550000000000182
604,2876.32,2019-05-16,25.360000000000127
605,2859.53,2019-05-17,-16.789999999999964
606,2840.23,2019-05-20,-19.300000000000182
607,2864.36,2019-05-21,24.13000000000011
608,2856.27,2019-05-22,-8.090000000000146
609,2822.24,2019-05-23,-34.0300000000002
610,2826.06,2019-05-24,3.8200000000001637
612,2802.39,2019-05-28,-23.670000000000073
613,2783.02,2019-05-29,-19.36999999999989
614,2788.86,2019-05-30,5.8400000000001455
615,2752.06,2019-05-31,-36.80000000000018
616,2744.45,2019-06-03,-7.610000000000127
617,2803.27,2019-06-04,58.820000000000164
618,2826.15,2019-06-05,22.88000000000011
619,2843.49,2019-06-06,17.33999999999969
620,2873.34,2019-06-07,29.850000000000364
621,2886.73,2019-06-10,13.389999999999873
622,2885.72,2019-06-11,-1.0100000000002183
623,2879.84,2019-06-12,-5.879999999999654
624,2891.64,2019-06-13,11.799999999999727
625,2886.98,2019-06-14,-4.6599999999998545
626,2889.67,2019-06-17,2.6900000000000546
627,2917.75,2019-06-18,28.079999999999927
628,2926.46,2019-06-19,8.710000000000036
629,2954.18,2019-06-20,27.7199999999998
630,2950.46,2019-06-21,-3.7199999999998
631,2945.35,2019-06-24,-5.110000000000127
632,2917.38,2019-06-25,-27.9699999999998
633,2913.78,2019-06-26,-3.599999999999909
634,2924.92,2019-06-27,11.139999999999873
635,2941.76,2019-06-28,16.840000000000146
636,2964.33,2019-07-01,22.56999999999971
637,2973.01,2019-07-02,8.680000000000291
638,2995.82,2019-07-03,22.809999999999945
640,2990.41,2019-07-05,-5.410000000000309
641,2975.95,2019-07-08,-14.460000000000036
642,2979.63,2019-07-09,3.680000000000291
643,2993.07,2019-07-10,13.440000000000055
644,2999.91,2019-07-11,6.839999999999691
645,3013.77,2019-07-12,13.860000000000127
646,3014.3,2019-07-15,0.5300000000002001
647,3004.04,2019-07-16,-10.260000000000218
648,2984.42,2019-07-17,-19.61999999999989
649,2995.11,2019-07-18,10.690000000000055
650,2976.61,2019-07-19,-18.5
651,2985.03,2019-07-22,8.420000000000073
652,3005.47,2019-07-23,20.4399999999996
653,3019.56,2019-07-24,14.090000000000146
654,3003.67,2019-07-25,-15.889999999999873
655,3025.86,2019-07-26,22.190000000000055
656,3020.97,2019-07-29,-4.890000000000327
657,3013.18,2019-07-30,-7.789999999999964
658,2980.38,2019-07-31,-32.79999999999973
659,2953.56,2019-08-01,-26.820000000000164
660,2932.05,2019-08-02,-21.509999999999764
661,2844.74,2019-08-05,-87.3100000000004
662,2881.77,2019-08-06,37.0300000000002
663,2883.98,2019-08-07,2.2100000000000364
664,2938.09,2019-08-08,54.11000000000013
665,2918.65,2019-08-09,-19.440000000000055
666,2883.75,2019-08-12,-34.90000000000009
667,2926.32,2019-08-13,42.570000000000164
668,2840.6,2019-08-14,-85.72000000000025
669,2847.6,2019-08-15,7.0
670,2888.68,2019-08-16,41.07999999999993
671,2923.65,2019-08-19,34.970000000000255
672,2900.51,2019-08-20,-23.139999999999873
673,2924.43,2019-08-21,23.919999999999618
674,2922.95,2019-08-22,-1.4800000000000182
675,2847.11,2019-08-23,-75.83999999999969
676,2878.38,2019-08-26,31.269999999999982
677,2869.16,2019-08-27,-9.220000000000255
678,2887.94,2019-08-28,18.7800000000002
679,2924.58,2019-08-29,36.63999999999987
680,2926.46,2019-08-30,1.8800000000001091
682,2906.27,2019-09-03,-20.190000000000055
683,2937.78,2019-09-04,31.51000000000022
684,2976.0,2019-09-05,38.2199999999998
685,2978.71,2019-09-06,2.7100000000000364
686,2978.43,2019-09-09,-0.2800000000002001
687,2979.39,2019-09-10,0.9600000000000364
688,3000.93,2019-09-11,21.539999999999964
689,3009.57,2019-09-12,8.640000000000327
690,3007.39,2019-09-13,-2.180000000000291
691,2997.96,2019-09-16,-9.429999999999836
692,3005.7,2019-09-17,7.739999999999782
693,3006.73,2019-09-18,1.0300000000002
694,3006.79,2019-09-19,0.05999999999994543
695,2992.07,2019-09-20,-14.7199999999998
696,2991.78,2019-09-23,-0.2899999999999636
697,2966.6,2019-09-24,-25.18000000000029
698,2984.87,2019-09-25,18.269999999999982
699,2977.62,2019-09-26,-7.25
700,2961.79,2019-09-27,-15.829999999999927
701,2976.74,2019-09-30,14.949999999999818
702,2940.25,2019-10-01,-36.48999999999978
703,2887.61,2019-10-02,-52.63999999999987
704,2910.63,2019-10-03,23.019999999999982
705,2952.01,2019-10-04,41.38000000000011
706,2938.79,2019-10-07,-13.220000000000255
707,2893.06,2019-10-08,-45.73000000000002
708,2919.4,2019-10-09,26.340000000000146
709,2938.13,2019-10-10,18.730000000000018
710,2970.27,2019-10-11,32.13999999999987
711,2966.15,2019-10-14,-4.119999999999891
712,2995.68,2019-10-15,29.529999999999745
713,2989.69,2019-10-16,-5.989999999999782
714,2997.95,2019-10-17,8.259999999999764
715,2986.2,2019-10-18,-11.75
716,3006.72,2019-10-21,20.519999999999982
717,2995.99,2019-10-22,-10.730000000000018
718,3004.52,2019-10-23,8.5300000000002
719,3010.29,2019-10-24,5.769999999999982
720,3022.55,2019-10-25,12.260000000000218
721,3039.42,2019-10-28,16.86999999999989
722,3036.89,2019-10-29,-2.5300000000002
723,3046.77,2019-10-30,9.88000000000011
724,3037.56,2019-10-31,-9.210000000000036
725,3066.91,2019-11-01,29.34999999999991
726,3078.27,2019-11-04,11.360000000000127
727,3074.62,2019-11-05,-3.650000000000091
728,3076.78,2019-11-06,2.1600000000003092
729,3085.18,2019-11-07,8.399999999999636
730,3093.08,2019-11-08,7.900000000000091
731,3087.01,2019-11-11,-6.069999999999709
732,3091.84,2019-11-12,4.829999999999927
733,3094.04,2019-11-13,2.199999999999818
734,3096.63,2019-11-14,2.5900000000001455
735,3120.46,2019-11-15,23.829999999999927
736,3122.03,2019-11-18,1.5700000000001637
737,3120.18,2019-11-19,-1.8500000000003638
738,3108.46,2019-11-20,-11.7199999999998
739,3103.54,2019-11-21,-4.920000000000073
740,3110.29,2019-11-22,6.75
741,3133.64,2019-11-25,23.34999999999991
742,3140.52,2019-11-26,6.880000000000109
743,3153.63,2019-11-27,13.110000000000127
745,3140.98,2019-11-29,-12.650000000000091
746,3113.87,2019-12-02,-27.110000000000127
747,3093.2,2019-12-03,-20.670000000000073
748,3112.76,2019-12-04,19.5600000000004
749,3117.43,2019-12-05,4.669999999999618
750,3145.91,2019-12-06,28.480000000000018
751,3135.96,2019-12-09,-9.949999999999818
752,3132.52,2019-12-10,-3.4400000000000546
753,3141.63,2019-12-11,9.110000000000127
754,3168.57,2019-12-12,26.940000000000055
755,3168.8,2019-12-13,0.2300000000000182
756,3191.45,2019-12-16,22.649999999999636
757,3192.52,2019-12-17,1.0700000000001637
758,3191.14,2019-12-18,-1.3800000000001091
759,3205.37,2019-12-19,14.230000000000018
760,3221.22,2019-12-20,15.849999999999909
761,3224.01,2019-12-23,2.7900000000004184
762,3223.38,2019-12-24,-0.6300000000001091
764,3239.91,2019-12-26,16.529999999999745
765,3240.02,2019-12-27,0.11000000000012733
766,3221.29,2019-12-30,-18.730000000000018
767,3230.78,2019-12-31,9.490000000000236
769,3257.85,2020-01-02,27.06999999999971
770,3234.85,2020-01-03,-23.0
771,3246.28,2020-01-06,11.430000000000291
772,3237.18,2020-01-07,-9.100000000000364
773,3253.05,2020-01-08,15.870000000000346
774,3274.7,2020-01-09,21.649999999999636
775,3265.35,2020-01-10,-9.349999999999909
776,3288.13,2020-01-13,22.7800000000002
777,3283.15,2020-01-14,-4.980000000000018
778,3289.29,2020-01-15,6.139999999999873
779,3316.81,2020-01-16,27.519999999999982
780,3329.62,2020-01-17,12.809999999999945
782,3320.79,2020-01-21,-8.829999999999927
783,3321.75,2020-01-22,0.9600000000000364
784,3325.54,2020-01-23,3.7899999999999636
785,3295.47,2020-01-24,-30.070000000000164
786,3243.63,2020-01-27,-51.83999999999969
787,3276.24,2020-01-28,32.60999999999967
788,3273.4,2020-01-29,-2.8399999999996908
789,3283.66,2020-01-30,10.259999999999764
790,3225.52,2020-01-31,-58.13999999999987
791,3248.92,2020-02-03,23.40000000000009
792,3297.59,2020-02-04,48.67000000000007
793,3334.69,2020-02-05,37.09999999999991
794,3345.78,2020-02-06,11.090000000000146
795,3327.71,2020-02-07,-18.070000000000164
796,3352.09,2020-02-10,24.38000000000011
797,3357.75,2020-02-11,5.6599999999998545
798,3379.45,2020-02-12,21.699999999999818
799,3373.94,2020-02-13,-5.5099999999997635
800,3380.16,2020-02-14,6.2199999999998
802,3370.29,2020-02-18,-9.86999999999989
803,3386.15,2020-02-19,15.860000000000127
804,3373.23,2020-02-20,-12.920000000000073
805,3337.75,2020-02-21,-35.48000000000002
806,3225.89,2020-02-24,-111.86000000000013
807,3128.21,2020-02-25,-97.67999999999984
808,3116.39,2020-02-26,-11.820000000000164
809,2978.76,2020-02-27,-137.62999999999965
810,2954.22,2020-02-28,-24.54000000000042
811,3090.23,2020-03-02,136.01000000000022
812,3003.37,2020-03-03,-86.86000000000013
813,3130.12,2020-03-04,126.75
814,3023.94,2020-03-05,-106.17999999999984
815,2972.37,2020-03-06,-51.570000000000164
816,2746.56,2020-03-09,-225.80999999999995
817,2882.23,2020-03-10,135.67000000000007
818,2741.38,2020-03-11,-140.8499999999999
819,2480.64,2020-03-12,-260.74000000000024
820,2711.02,2020-03-13,230.3800000000001
821,2386.13,2020-03-16,-324.8899999999999
822,2529.19,2020-03-17,143.05999999999995
823,2398.1,2020-03-18,-131.09000000000015
824,2409.39,2020-03-19,11.289999999999964
825,2304.92,2020-03-20,-104.4699999999998
826,2237.4,2020-03-23,-67.51999999999998
827,2447.33,2020-03-24,209.92999999999984
828,2475.56,2020-03-25,28.230000000000018
829,2630.07,2020-03-26,154.51000000000022
830,2541.47,2020-03-27,-88.60000000000036
831,2626.65,2020-03-30,85.18000000000029
832,2584.59,2020-03-31,-42.059999999999945
833,2470.5,2020-04-01,-114.09000000000015
834,2526.9,2020-04-02,56.40000000000009
835,2488.65,2020-04-03,-38.25
836,2663.68,2020-04-06,175.02999999999975
837,2659.41,2020-04-07,-4.269999999999982
838,2749.98,2020-04-08,90.57000000000016
839,2789.82,2020-04-09,39.840000000000146
841,2761.63,2020-04-13,-28.190000000000055
842,2846.06,2020-04-14,84.42999999999984
843,2783.36,2020-04-15,-62.69999999999982
844,2799.55,2020-04-16,16.190000000000055
845,2874.56,2020-04-17,75.00999999999976
846,2823.16,2020-04-20,-51.40000000000009
847,2736.56,2020-04-21,-86.59999999999991
848,2799.31,2020-04-22,62.75
849,2797.8,2020-04-23,-1.5099999999997635
850,2836.74,2020-04-24,38.9399999999996
851,2878.48,2020-04-27,41.74000000000024
852,2863.39,2020-04-28,-15.090000000000146
853,2939.51,2020-04-29,76.12000000000035
854,2912.43,2020-04-30,-27.080000000000382
855,2830.71,2020-05-01,-81.7199999999998
856,2842.74,2020-05-04,12.029999999999745
857,2868.44,2020-05-05,25.700000000000273
858,2848.42,2020-05-06,-20.019999999999982
859,2881.19,2020-05-07,32.76999999999998
860,2929.8,2020-05-08,48.61000000000013
861,2930.32,2020-05-11,0.5199999999999818
862,2870.12,2020-05-12,-60.20000000000027
863,2820.0,2020-05-13,-50.11999999999989
864,2852.5,2020-05-14,32.5
865,2863.7,2020-05-15,11.199999999999818
866,2953.91,2020-05-18,90.21000000000004
867,2922.94,2020-05-19,-30.9699999999998
868,2971.61,2020-05-20,48.67000000000007
869,2948.51,2020-05-21,-23.09999999999991
870,2955.45,2020-05-22,6.9399999999996
872,2991.77,2020-05-26,36.320000000000164
873,3036.13,2020-05-27,44.36000000000013
874,3029.73,2020-05-28,-6.400000000000091
875,3044.31,2020-05-29,14.579999999999927
876,3055.73,2020-06-01,11.420000000000073
877,3080.82,2020-06-02,25.090000000000146
878,3122.87,2020-06-03,42.04999999999973
879,3112.35,2020-06-04,-10.519999999999982
880,3193.93,2020-06-05,81.57999999999993
881,3232.39,2020-06-08,38.460000000000036
882,3207.18,2020-06-09,-25.210000000000036
883,3190.14,2020-06-10,-17.039999999999964
884,3002.1,2020-06-11,-188.03999999999996
885,3041.31,2020-06-12,39.210000000000036
886,3066.59,2020-06-15,25.2800000000002
887,3124.74,2020-06-16,58.149999999999636
888,3113.49,2020-06-17,-11.25
889,3115.34,2020-06-18,1.8500000000003638
890,3097.74,2020-06-19,-17.600000000000364
891,3117.86,2020-06-22,20.120000000000346
892,3131.29,2020-06-23,13.429999999999836
893,3050.33,2020-06-24,-80.96000000000004
894,3083.76,2020-06-25,33.43000000000029
895,3009.05,2020-06-26,-74.71000000000004
896,3053.24,2020-06-29,44.1899999999996
897,3100.29,2020-06-30,47.05000000000018
898,3115.86,2020-07-01,15.570000000000164
899,3130.01,2020-07-02,14.150000000000091
901,3179.72,2020-07-06,49.70999999999958
902,3145.32,2020-07-07,-34.399999999999636
903,3169.94,2020-07-08,24.61999999999989
904,3152.05,2020-07-09,-17.889999999999873
905,3185.04,2020-07-10,32.98999999999978
906,3155.22,2020-07-13,-29.820000000000164
907,3197.52,2020-07-14,42.30000000000018
908,3226.56,2020-07-15,29.039999999999964
909,3215.57,2020-07-16,-10.989999999999782
910,3224.73,2020-07-17,9.159999999999854
911,3251.84,2020-07-20,27.110000000000127
912,3257.3,2020-07-21,5.460000000000036
913,3276.02,2020-07-22,18.7199999999998
914,3235.66,2020-07-23,-40.36000000000013
915,3215.63,2020-07-24,-20.029999999999745
916,3239.41,2020-07-27,23.779999999999745
917,3218.44,2020-07-28,-20.9699999999998
918,3258.44,2020-07-29,40.0
919,3246.22,2020-07-30,-12.220000000000255
920,3271.12,2020-07-31,24.90000000000009
921,3294.61,2020-08-03,23.490000000000236
922,3306.51,2020-08-04,11.900000000000091
923,3327.77,2020-08-05,21.259999999999764
924,3349.16,2020-08-06,21.389999999999873
925,3351.28,2020-08-07,2.1200000000003456
926,3360.47,2020-08-10,9.1899999999996
927,3333.69,2020-08-11,-26.779999999999745
928,3380.35,2020-08-12,46.659999999999854
929,3373.43,2020-08-13,-6.920000000000073
930,3372.85,2020-08-14,-0.5799999999999272
931,3381.99,2020-08-17,9.139999999999873
932,3389.78,2020-08-18,7.790000000000418
933,3374.85,2020-08-19,-14.930000000000291
934,3385.51,2020-08-20,10.66000000000031
935,3397.16,2020-08-21,11.649999999999636
936,3431.28,2020-08-24,34.120000000000346
937,3443.62,2020-08-25,12.33999999999969
938,3478.73,2020-08-26,35.11000000000013
939,3484.55,2020-08-27,5.820000000000164
940,3508.01,2020-08-28,23.460000000000036
941,3500.31,2020-08-31,-7.700000000000273
942,3526.65,2020-09-01,26.340000000000146
943,3580.84,2020-09-02,54.190000000000055
944,3455.06,2020-09-03,-125.7800000000002
945,3426.96,2020-09-04,-28.09999999999991
947,3331.84,2020-09-08,-95.11999999999989
948,3398.96,2020-09-09,67.11999999999989
949,3339.19,2020-09-10,-59.76999999999998
950,3340.97,2020-09-11,1.7799999999997453
951,3383.54,2020-09-14,42.570000000000164
952,3401.2,2020-09-15,17.659999999999854
953,3385.49,2020-09-16,-15.710000000000036
954,3357.01,2020-09-17,-28.479999999999563
955,3319.47,2020-09-18,-37.54000000000042
956,3281.06,2020-09-21,-38.409999999999854
957,3315.57,2020-09-22,34.51000000000022
958,3236.92,2020-09-23,-78.65000000000009
959,3246.59,2020-09-24,9.670000000000073
960,3298.46,2020-09-25,51.86999999999989
961,3351.6,2020-09-28,53.13999999999987
962,3335.47,2020-09-29,-16.13000000000011
963,3363.0,2020-09-30,27.5300000000002
964,3380.8,2020-10-01,17.800000000000182
965,3348.44,2020-10-02,-32.36000000000013
966,3408.63,2020-10-05,60.190000000000055
967,3360.95,2020-10-06,-47.68000000000029
968,3419.45,2020-10-07,58.5
969,3446.83,2020-10-08,27.38000000000011
970,3477.13,2020-10-09,30.300000000000182
971,3534.22,2020-10-12,57.08999999999969
972,3511.93,2020-10-13,-22.289999999999964
973,3488.67,2020-10-14,-23.259999999999764
974,3483.34,2020-10-15,-5.329999999999927
975,3483.81,2020-10-16,0.4699999999997999
976,3426.92,2020-10-19,-56.88999999999987
977,3443.12,2020-10-20,16.199999999999818
978,3435.56,2020-10-21,-7.559999999999945
979,3453.49,2020-10-22,17.929999999999836
980,3465.39,2020-10-23,11.900000000000091
981,3400.97,2020-10-26,-64.42000000000007
982,3390.68,2020-10-27,-10.289999999999964
983,3271.03,2020-10-28,-119.64999999999964
984,3310.11,2020-10-29,39.07999999999993
985,3269.96,2020-10-30,-40.15000000000009
986,3310.24,2020-11-02,40.279999999999745
987,3369.16,2020-11-03,58.92000000000007
988,3443.44,2020-11-04,74.2800000000002
989,3510.45,2020-11-05,67.00999999999976
990,3509.44,2020-11-06,-1.0099999999997635
991,3550.5,2020-11-09,41.059999999999945
992,3545.53,2020-11-10,-4.9699999999998
993,3572.66,2020-11-11,27.129999999999654
994,3537.01,2020-11-12,-35.649999999999636
995,3585.15,2020-11-13,48.13999999999987
996,3626.91,2020-11-16,41.75999999999976
997,3609.53,2020-11-17,-17.379999999999654
998,3567.79,2020-11-18,-41.74000000000024
999,3581.87,2020-11-19,14.079999999999927
1000,3557.54,2020-11-20,-24.329999999999927
1001,3577.59,2020-11-23,20.050000000000182
1002,3635.41,2020-11-24,57.81999999999971
1003,3629.65,2020-11-25,-5.7599999999997635
1005,3638.35,2020-11-27,8.699999999999818
1006,3621.63,2020-11-30,-16.7199999999998
1007,3662.45,2020-12-01,40.81999999999971
1008,3669.01,2020-12-02,6.5600000000004
1009,3666.72,2020-12-03,-2.2900000000004184
1010,3699.12,2020-12-04,32.40000000000009
1011,3691.96,2020-12-07,-7.1599999999998545
1012,3702.25,2020-12-08,10.289999999999964
1013,3672.82,2020-12-09,-29.429999999999836
1014,3668.1,2020-12-10,-4.720000000000255
1015,3663.46,2020-12-11,-4.639999999999873
1016,3647.49,2020-12-14,-15.970000000000255
1017,3694.62,2020-12-15,47.13000000000011
1018,3701.17,2020-12-16,6.550000000000182
1019,3722.48,2020-12-17,21.309999999999945
1020,3709.41,2020-12-18,-13.070000000000164
1021,3694.92,2020-12-21,-14.489999999999782
1022,3687.26,2020-12-22,-7.6599999999998545
1023,3690.01,2020-12-23,2.75
1024,3703.06,2020-12-24,13.049999999999727
1026,3735.36,2020-12-28,32.30000000000018
1027,3727.04,2020-12-29,-8.320000000000164
1028,3732.04,2020-12-30,5.0
1029,3756.07,2020-12-31,24.0300000000002
1031,3700.65,2021-01-04,-55.42000000000007
1032,3726.86,2021-01-05,26.210000000000036
1033,3748.14,2021-01-06,21.279999999999745
1034,3803.79,2021-01-07,55.65000000000009
1035,3824.68,2021-01-08,20.889999999999873
1036,3799.61,2021-01-11,-25.06999999999971
1037,3801.19,2021-01-12,1.5799999999999272
1038,3809.84,2021-01-13,8.650000000000091
1039,3795.54,2021-01-14,-14.300000000000182
1040,3768.25,2021-01-15,-27.289999999999964
1042,3798.91,2021-01-19,30.659999999999854
1043,3851.85,2021-01-20,52.940000000000055
1044,3853.07,2021-01-21,1.2200000000002547
1045,3841.47,2021-01-22,-11.600000000000364
1046,3855.36,2021-01-25,13.890000000000327
1047,3849.62,2021-01-26,-5.7400000000002365
1048,3750.77,2021-01-27,-98.84999999999991
1049,3787.38,2021-01-28,36.61000000000013
1050,3714.24,2021-01-29,-73.14000000000033
1051,3773.86,2021-02-01,59.620000000000346
1052,3826.31,2021-02-02,52.44999999999982
1053,3830.17,2021-02-03,3.8600000000001273
1054,3871.74,2021-02-04,41.56999999999971
1055,3886.83,2021-02-05,15.090000000000146
1056,3915.59,2021-02-08,28.76000000000022
1057,3911.23,2021-02-09,-4.360000000000127
1058,3909.88,2021-02-10,-1.349999999999909
1059,3916.38,2021-02-11,6.5
1060,3934.83,2021-02-12,18.449999999999818
1062,3932.59,2021-02-16,-2.2399999999997817
1063,3931.33,2021-02-17,-1.2600000000002183
1064,3913.97,2021-02-18,-17.360000000000127
1065,3906.71,2021-02-19,-7.2599999999997635
1066,3876.5,2021-02-22,-30.210000000000036
1067,3881.37,2021-02-23,4.869999999999891
1068,3925.43,2021-02-24,44.059999999999945
1069,3829.34,2021-02-25,-96.08999999999969
1070,3811.15,2021-02-26,-18.190000000000055
1071,3901.82,2021-03-01,90.67000000000007
1072,3870.29,2021-03-02,-31.5300000000002
1073,3819.72,2021-03-03,-50.570000000000164
1074,3768.47,2021-03-04,-51.25
1075,3841.94,2021-03-05,73.47000000000025
1076,3821.35,2021-03-08,-20.590000000000146
1077,3875.44,2021-03-09,54.090000000000146
1078,3898.81,2021-03-10,23.36999999999989
1079,3939.34,2021-03-11,40.5300000000002
1080,3943.34,2021-03-12,4.0
1081,3968.94,2021-03-15,25.59999999999991
1082,3962.71,2021-03-16,-6.230000000000018
1083,3974.12,2021-03-17,11.409999999999854
1084,3915.46,2021-03-18,-58.659999999999854
1085,3913.1,2021-03-19,-2.3600000000001273
1086,3940.59,2021-03-22,27.490000000000236
1087,3910.52,2021-03-23,-30.070000000000164
1088,3889.14,2021-03-24,-21.38000000000011
1089,3909.52,2021-03-25,20.38000000000011
1090,3974.54,2021-03-26,65.01999999999998
1091,3971.09,2021-03-29,-3.449999999999818
1092,3958.55,2021-03-30,-12.539999999999964
1093,3972.89,2021-03-31,14.33999999999969
1094,4019.87,2021-04-01,46.98000000000002
1096,4077.91,2021-04-05,58.039999999999964
1097,4073.94,2021-04-06,-3.9699999999998
1098,4079.95,2021-04-07,6.0099999999997635
1099,4097.17,2021-04-08,17.220000000000255
1100,4128.8,2021-04-09,31.63000000000011
1101,4127.99,2021-04-12,-0.8100000000004002
1102,4141.59,2021-04-13,13.600000000000364
1103,4124.66,2021-04-14,-16.93000000000029
1104,4170.42,2021-04-15,45.76000000000022
1105,4185.47,2021-04-16,15.050000000000182
1106,4163.26,2021-04-19,-22.210000000000036
1107,4134.94,2021-04-20,-28.32000000000062
1108,4173.42,2021-04-21,38.48000000000047
1109,4134.98,2021-04-22,-38.44000000000051
1110,4180.17,2021-04-23,45.19000000000051
1111,4187.62,2021-04-26,7.449999999999818
1112,4186.72,2021-04-27,-0.8999999999996362
1113,4183.18,2021-04-28,-3.5399999999999636
1114,4211.47,2021-04-29,28.289999999999964
1115,4181.17,2021-04-30,-30.300000000000182
1116,4192.66,2021-05-03,11.489999999999782
1117,4164.66,2021-05-04,-28.0
1118,4167.59,2021-05-05,2.930000000000291
1119,4201.62,2021-05-06,34.029999999999745
1120,4232.6,2021-05-07,30.980000000000473
1121,4188.43,2021-05-10,-44.17000000000007
1122,4152.1,2021-05-11,-36.32999999999993
1123,4063.04,2021-05-12,-89.0600000000004
1124,4112.5,2021-05-13,49.460000000000036
1125,4173.85,2021-05-14,61.350000000000364
1126,4163.29,2021-05-17,-10.5600000000004
1127,4127.83,2021-05-18,-35.460000000000036
1128,4115.68,2021-05-19,-12.149999999999636
1129,4159.12,2021-05-20,43.4399999999996
1130,4155.86,2021-05-21,-3.2600000000002183
1131,4197.05,2021-05-24,41.19000000000051
1132,4188.13,2021-05-25,-8.920000000000073
1133,4195.99,2021-05-26,7.859999999999673
1134,4200.88,2021-05-27,4.890000000000327
1135,4204.11,2021-05-28,3.2299999999995634
1137,4202.04,2021-06-01,-2.069999999999709
1138,4208.12,2021-06-02,6.079999999999927
1139,4192.85,2021-06-03,-15.269999999999527
1140,4229.89,2021-06-04,37.039999999999964
1141,4226.52,2021-06-07,-3.369999999999891
1142,4227.26,2021-06-08,0.7399999999997817
1143,4219.55,2021-06-09,-7.710000000000036
1144,4239.18,2021-06-10,19.63000000000011
1145,4247.44,2021-06-11,8.259999999999309
1146,4255.15,2021-06-14,7.710000000000036
1147,4246.59,2021-06-15,-8.55999999999949
1148,4223.7,2021-06-16,-22.890000000000327
1149,4221.86,2021-06-17,-1.8400000000001455
1150,4166.45,2021-06-18,-55.409999999999854
1151,4224.79,2021-06-21,58.340000000000146
1152,4246.44,2021-06-22,21.649999999999636
1153,4241.84,2021-06-23,-4.599999999999454
1154,4266.49,2021-06-24,24.649999999999636
1155,4280.7,2021-06-25,14.210000000000036
1156,4290.61,2021-06-28,9.909999999999854
1157,4291.8,2021-06-29,1.1900000000005093
1158,4297.5,2021-06-30,5.699999999999818
1159,4319.94,2021-07-01,22.4399999999996
1160,4352.34,2021-07-02,32.400000000000546
1162,4343.54,2021-07-06,-8.800000000000182
1163,4358.13,2021-07-07,14.590000000000146
1164,4320.82,2021-07-08,-37.3100000000004
1165,4369.55,2021-07-09,48.73000000000047
1166,4384.63,2021-07-12,15.079999999999927
1167,4369.21,2021-07-13,-15.420000000000073
1168,4374.3,2021-07-14,5.0900000000001455
1169,4360.03,2021-07-15,-14.270000000000437
1170,4327.16,2021-07-16,-32.86999999999989
1171,4258.49,2021-07-19,-68.67000000000007
1172,4323.06,2021-07-20,64.57000000000062
1173,4358.69,2021-07-21,35.6299999999992
1174,4367.48,2021-07-22,8.789999999999964
1175,4411.79,2021-07-23,44.3100000000004
1176,4422.3,2021-07-26,10.510000000000218
1177,4401.46,2021-07-27,-20.840000000000146
1178,4400.64,2021-07-28,-0.819999999999709
1179,4419.15,2021-07-29,18.50999999999931
1180,4395.26,2021-07-30,-23.889999999999418
1181,4387.16,2021-08-02,-8.100000000000364
1182,4423.15,2021-08-03,35.98999999999978
1183,4402.66,2021-08-04,-20.48999999999978
1184,4429.1,2021-08-05,26.44000000000051
1185,4436.52,2021-08-06,7.420000000000073
1186,4432.35,2021-08-09,-4.170000000000073
1187,4436.75,2021-08-10,4.399999999999636
1188,4447.7,2021-08-11,10.949999999999818
1189,4460.83,2021-08-12,13.13000000000011
1190,4468.0,2021-08-13,7.170000000000073
1191,4479.71,2021-08-16,11.710000000000036
1192,4448.08,2021-08-17,-31.63000000000011
1193,4400.27,2021-08-18,-47.80999999999949
1194,4405.8,2021-08-19,5.529999999999745
1195,4441.67,2021-08-20,35.86999999999989
1196,4479.53,2021-08-23,37.85999999999967
1197,4486.23,2021-08-24,6.699999999999818
1198,4496.19,2021-08-25,9.960000000000036
1199,4470.0,2021-08-26,-26.1899999999996
1200,4509.37,2021-08-27,39.36999999999989
1201,4528.79,2021-08-30,19.420000000000073
1202,4522.68,2021-08-31,-6.109999999999673
1203,4524.09,2021-09-01,1.4099999999998545
1204,4536.95,2021-09-02,12.859999999999673
1205,4535.43,2021-09-03,-1.519999999999527
1207,4520.03,2021-09-07,-15.400000000000546
1208,4514.07,2021-09-08,-5.960000000000036
1209,4493.28,2021-09-09,-20.789999999999964
1210,4458.58,2021-09-10,-34.69999999999982
1211,4468.73,2021-09-13,10.149999999999636
1212,4443.05,2021-09-14,-25.67999999999938
1213,4480.7,2021-09-15,37.649999999999636
1214,4473.75,2021-09-16,-6.949999999999818
1215,4432.99,2021-09-17,-40.76000000000022
1216,4357.73,2021-09-20,-75.26000000000022
1217,4354.19,2021-09-21,-3.5399999999999636
1218,4395.64,2021-09-22,41.45000000000073
1219,4448.98,2021-09-23,53.339999999999236
1220,4455.48,2021-09-24,6.5
1221,4443.11,2021-09-27,-12.36999999999989
1222,4352.63,2021-09-28,-90.47999999999956
1223,4359.46,2021-09-29,6.829999999999927
1224,4307.54,2021-09-30,-51.92000000000007
1225,4357.04,2021-10-01,49.5
1226,4300.46,2021-10-04,-56.57999999999993
1227,4345.72,2021-10-05,45.26000000000022
1228,4363.55,2021-10-06,17.829999999999927
1229,4399.76,2021-10-07,36.210000000000036
1230,4391.34,2021-10-08,-8.420000000000073
1231,4361.19,2021-10-11,-30.150000000000546
1232,4350.65,2021-10-12,-10.539999999999964
1233,4363.8,2021-10-13,13.150000000000546
1234,4438.26,2021-10-14,74.46000000000004
1235,4471.37,2021-10-15,33.10999999999967
1236,4486.46,2021-10-18,15.090000000000146
1237,4519.63,2021-10-19,33.17000000000007
1238,4536.19,2021-10-20,16.55999999999949
1239,4549.78,2021-10-21,13.590000000000146
1240,4544.9,2021-10-22,-4.880000000000109
1241,4566.48,2021-10-25,21.579999999999927
1242,4574.79,2021-10-26,8.3100000000004
1243,4551.68,2021-10-27,-23.109999999999673
1244,4596.42,2021-10-28,44.73999999999978
1245,4605.38,2021-10-29,8.960000000000036
1246,4613.67,2021-11-01,8.289999999999964
1247,4630.65,2021-11-02,16.979999999999563
1248,4660.57,2021-11-03,29.920000000000073
1249,4680.06,2021-11-04,19.49000000000069
1250,4697.53,2021-11-05,17.469999999999345
1251,4701.7,2021-11-08,4.170000000000073
1252,4685.25,2021-11-09,-16.449999999999818
1253,4646.71,2021-11-10,-38.539999999999964
1254,4649.27,2021-11-11,2.5600000000004
1255,4682.85,2021-11-12,33.57999999999993
1256,4682.8,2021-11-15,-0.0500000000001819
1257,4700.9,2021-11-16,18.099999999999454
1258,4688.67,2021-11-17,-12.229999999999563
1259,4704.54,2021-11-18,15.86999999999989
1260,4697.96,2021-11-19,-6.579999999999927
1261,4682.94,2021-11-22,-15.020000000000437
1262,4690.7,2021-11-23,7.760000000000218
1263,4701.46,2021-11-24,10.760000000000218
1265,4594.62,2021-11-26,-106.84000000000015
1266,4655.27,2021-11-29,60.650000000000546
1267,4567.0,2021-11-30,-88.27000000000044
1268,4513.04,2021-12-01,-53.960000000000036
1269,4577.1,2021-12-02,64.0600000000004
1270,4538.43,2021-12-03,-38.67000000000007
1271,4591.67,2021-12-06,53.23999999999978
1272,4686.75,2021-12-07,95.07999999999993
1273,4701.21,2021-12-08,14.460000000000036
1274,4667.45,2021-12-09,-33.76000000000022
1275,4712.02,2021-12-10,44.57000000000062
1276,4668.97,2021-12-13,-43.05000000000018
1277,4634.09,2021-12-14,-34.88000000000011
1278,4709.85,2021-12-15,75.76000000000022
1279,4668.67,2021-12-16,-41.18000000000029
1280,4620.64,2021-12-17,-48.029999999999745
1281,4568.02,2021-12-20,-52.61999999999989
1282,4649.23,2021-12-21,81.20999999999913
1283,4696.56,2021-12-22,47.33000000000084
1284,4725.79,2021-12-23,29.229999999999563
1286,4791.19,2021-12-27,65.39999999999964
1287,4786.35,2021-12-28,-4.839999999999236
1288,4793.06,2021-12-29,6.710000000000036
1289,4778.73,2021-12-30,-14.330000000000837
1290,4766.18,2021-12-31,-12.549999999999272
1291,4796.56,2022-01-03,30.38000000000011
1292,4793.54,2022-01-04,-3.0200000000004366
1293,4700.58,2022-01-05,-92.96000000000004
1294,4696.05,2022-01-06,-4.529999999999745
1295,4677.03,2022-01-07,-19.020000000000437
1296,4670.29,2022-01-10,-6.739999999999782
1297,4713.07,2022-01-11,42.779999999999745
1298,4726.35,2022-01-12,13.280000000000655
1299,4659.03,2022-01-13,-67.32000000000062
1300,4662.85,2022-01-14,3.8200000000006185
1302,4577.11,2022-01-18,-85.74000000000069
1303,4532.76,2022-01-19,-44.349999999999454
1304,4482.73,2022-01-20,-50.030000000000655
1305,4397.94,2022-01-21,-84.78999999999996
1306,4410.13,2022-01-24,12.19000000000051
1307,4356.45,2022-01-25,-53.68000000000029
1308,4349.93,2022-01-26,-6.519999999999527
1309,4326.51,2022-01-27,-23.420000000000073
1310,4431.85,2022-01-28,105.34000000000015
1311,4515.55,2022-01-31,83.69999999999982
1312,4546.54,2022-02-01,30.98999999999978
1313,4589.38,2022-02-02,42.840000000000146
1314,4477.44,2022-02-03,-111.94000000000051
1315,4500.53,2022-02-04,23.090000000000146
1316,4483.87,2022-02-07,-16.659999999999854
1317,4521.54,2022-02-08,37.67000000000007
1318,4587.18,2022-02-09,65.64000000000033
1319,4504.08,2022-02-10,-83.10000000000036
1320,4418.64,2022-02-11,-85.4399999999996
1321,4401.67,2022-02-14,-16.970000000000255
1322,4471.07,2022-02-15,69.39999999999964
1323,4475.01,2022-02-16,3.9400000000005093
1324,4380.26,2022-02-17,-94.75
1325,4348.87,2022-02-18,-31.390000000000327
1327,4304.76,2022-02-22,-44.10999999999967
1328,4225.5,2022-02-23,-79.26000000000022
1329,4288.7,2022-02-24,63.19999999999982
1330,4384.65,2022-02-25,95.94999999999982
1331,4373.94,2022-02-28,-10.710000000000036
1332,4306.26,2022-03-01,-67.67999999999938
1333,4386.54,2022-03-02,80.27999999999975
1334,4363.49,2022-03-03,-23.050000000000182
1335,4328.87,2022-03-04,-34.61999999999989
1336,4201.09,2022-03-07,-127.77999999999975
1337,4170.7,2022-03-08,-30.390000000000327
1338,4277.88,2022-03-09,107.18000000000029
1339,4259.52,2022-03-10,-18.359999999999673
1340,4204.31,2022-03-11,-55.210000000000036
1341,4173.11,2022-03-14,-31.200000000000728
1342,4262.45,2022-03-15,89.34000000000015
1343,4357.86,2022-03-16,95.40999999999985
1344,4411.67,2022-03-17,53.8100000000004
1345,4463.12,2022-03-18,51.44999999999982
1346,4461.18,2022-03-21,-1.9399999999995998
1347,4511.61,2022-03-22,50.42999999999938
1348,4456.24,2022-03-23,-55.36999999999989
1349,4520.16,2022-03-24,63.92000000000007
1350,4543.06,2022-03-25,22.900000000000546
1351,4575.52,2022-03-28,32.460000000000036
1352,4631.6,2022-03-29,56.07999999999993
1353,4602.45,2022-03-30,-29.150000000000546
1354,4530.41,2022-03-31,-72.03999999999996
1355,4545.86,2022-04-01,15.449999999999818
1356,4582.64,2022-04-04,36.780000000000655
1357,4525.12,2022-04-05,-57.52000000000044
1358,4481.15,2022-04-06,-43.970000000000255
1359,4500.21,2022-04-07,19.0600000000004
1360,4488.28,2022-04-08,-11.930000000000291
1361,4412.53,2022-04-11,-75.75
1362,4397.45,2022-04-12,-15.079999999999927
1363,4446.59,2022-04-13,49.14000000000033
1364,4392.59,2022-04-14,-54.0
1366,4391.69,2022-04-18,-0.9000000000005457
1367,4462.21,2022-04-19,70.52000000000044
1368,4459.45,2022-04-20,-2.7600000000002183
1369,4393.66,2022-04-21,-65.78999999999996
1370,4271.78,2022-04-22,-121.88000000000011
1371,4296.12,2022-04-25,24.340000000000146
1372,4175.2,2022-04-26,-120.92000000000007
1373,4183.96,2022-04-27,8.760000000000218
1374,4287.5,2022-04-28,103.53999999999996
1375,4131.93,2022-04-29,-155.5699999999997
1376,4155.38,2022-05-02,23.449999999999818
1377,4175.48,2022-05-03,20.099999999999454
1378,4300.17,2022-05-04,124.69000000000051
1379,4146.87,2022-05-05,-153.30000000000018
1380,4123.34,2022-05-06,-23.529999999999745
1381,3991.24,2022-05-09,-132.10000000000036
1382,4001.05,2022-05-10,9.8100000000004
1383,3935.18,2022-05-11,-65.87000000000035
1384,3930.08,2022-05-12,-5.099999999999909
1385,4023.89,2022-05-13,93.80999999999995
1386,4008.01,2022-05-16,-15.879999999999654
1387,4088.85,2022-05-17,80.83999999999969
1388,3923.68,2022-05-18,-165.17000000000007
1389,3900.79,2022-05-19,-22.889999999999873
1390,3901.36,2022-05-20,0.5700000000001637
1391,3973.75,2022-05-23,72.38999999999987
1392,3941.48,2022-05-24,-32.26999999999998
1393,3978.73,2022-05-25,37.25
1394,4057.84,2022-05-26,79.11000000000013
1395,4158.24,2022-05-27,100.39999999999964
1397,4132.15,2022-05-31,-26.090000000000146
1398,4101.23,2022-06-01,-30.920000000000073
1399,4176.82,2022-06-02,75.59000000000015
1400,4108.54,2022-06-03,-68.27999999999975
1401,4121.43,2022-06-06,12.890000000000327
1402,4160.68,2022-06-07,39.25
1403,4115.77,2022-06-08,-44.909999999999854
1404,4017.82,2022-06-09,-97.95000000000027
1405,3900.86,2022-06-10,-116.96000000000004
1406,3749.63,2022-06-13,-151.23000000000002
1407,3735.48,2022-06-14,-14.150000000000091
1408,3789.99,2022-06-15,54.50999999999976
1409,3666.77,2022-06-16,-123.2199999999998
1410,3674.84,2022-06-17,8.070000000000164
1412,3764.79,2022-06-21,89.94999999999982
1413,3759.89,2022-06-22,-4.900000000000091
1414,3795.73,2022-06-23,35.840000000000146
1415,3911.74,2022-06-24,116.00999999999976
1416,3900.11,2022-06-27,-11.629999999999654
1417,3821.55,2022-06-28,-78.55999999999995
1418,3818.83,2022-06-29,-2.7200000000002547
1419,3785.38,2022-06-30,-33.44999999999982
1420,3825.33,2022-07-01,39.94999999999982
1422,3831.39,2022-07-05,6.059999999999945
1423,3845.08,2022-07-06,13.690000000000055
1424,3902.62,2022-07-07,57.539999999999964
1425,3899.38,2022-07-08,-3.2399999999997817
1426,3854.43,2022-07-11,-44.95000000000027
1427,3818.8,2022-07-12,-35.629999999999654
1428,3801.78,2022-07-13,-17.019999999999982
1429,3790.38,2022-07-14,-11.400000000000091
1430,3863.16,2022-07-15,72.77999999999975
1431,3830.85,2022-07-18,-32.309999999999945
1432,3936.69,2022-07-19,105.84000000000015
1433,3959.9,2022-07-20,23.210000000000036
1434,3998.95,2022-07-21,39.04999999999973
1435,3961.63,2022-07-22,-37.31999999999971
1436,3966.84,2022-07-25,5.210000000000036
1437,3921.05,2022-07-26,-45.789999999999964
1438,4023.61,2022-07-27,102.55999999999995
1439,4072.43,2022-07-28,48.81999999999971
1440,4130.29,2022-07-29,57.86000000000013
1441,4118.63,2022-08-01,-11.659999999999854
1442,4091.19,2022-08-02,-27.440000000000055
1443,4155.17,2022-08-03,63.98000000000002
1444,4151.94,2022-08-04,-3.230000000000473
1445,4145.19,2022-08-05,-6.75
1446,4140.06,2022-08-08,-5.1299999999992
1447,4122.47,2022-08-09,-17.590000000000146
1448,4210.24,2022-08-10,87.76999999999953
1449,4207.27,2022-08-11,-2.969999999999345
1450,4280.15,2022-08-12,72.8799999999992
1451,4297.14,2022-08-15,16.99000000000069
1452,4305.2,2022-08-16,8.05999999999949
1453,4274.04,2022-08-17,-31.159999999999854
1454,4283.74,2022-08-18,9.699999999999818
1455,4228.48,2022-08-19,-55.26000000000022
1456,4137.99,2022-08-22,-90.48999999999978
1457,4128.73,2022-08-23,-9.260000000000218
1458,4140.77,2022-08-24,12.040000000000873
1459,4199.12,2022-08-25,58.349999999999454
1460,4057.66,2022-08-26,-141.46000000000004
1461,4030.61,2022-08-29,-27.049999999999727
1462,3986.16,2022-08-30,-44.45000000000027
1463,3955.0,2022-08-31,-31.159999999999854
1464,3966.85,2022-09-01,11.849999999999909
1465,3924.26,2022-09-02,-42.58999999999969
1467,3908.19,2022-09-06,-16.070000000000164
1468,3979.87,2022-09-07,71.67999999999984
1469,4006.18,2022-09-08,26.309999999999945
1470,4067.36,2022-09-09,61.18000000000029
1471,4110.41,2022-09-12,43.04999999999973
1472,3932.69,2022-09-13,-177.7199999999998
1473,3946.01,2022-09-14,13.320000000000164
1474,3901.35,2022-09-15,-44.66000000000031
1475,3873.33,2022-09-16,-28.019999999999982
1476,3899.89,2022-09-19,26.559999999999945
1477,3855.93,2022-09-20,-43.960000000000036
1478,3789.93,2022-09-21,-66.0
1479,3757.99,2022-09-22,-31.940000000000055
1480,3693.23,2022-09-23,-64.75999999999976
1481,3655.04,2022-09-26,-38.190000000000055
1482,3647.29,2022-09-27,-7.75
1483,3719.04,2022-09-28,71.75
1484,3640.47,2022-09-29,-78.57000000000016
1485,3585.62,2022-09-30,-54.84999999999991
1486,3678.43,2022-10-03,92.80999999999995
1487,3790.93,2022-10-04,112.5
1488,3783.28,2022-10-05,-7.649999999999636
1489,3744.52,2022-10-06,-38.76000000000022
1490,3639.66,2022-10-07,-104.86000000000013
1491,3612.39,2022-10-10,-27.269999999999982
1492,3588.84,2022-10-11,-23.549999999999727
1493,3577.03,2022-10-12,-11.809999999999945
1494,3669.91,2022-10-13,92.87999999999965
1495,3583.07,2022-10-14,-86.83999999999969
1496,3677.95,2022-10-17,94.87999999999965
1497,3719.98,2022-10-18,42.0300000000002
1498,3695.16,2022-10-19,-24.820000000000164
1499,3665.78,2022-10-20,-29.379999999999654
1500,3752.75,2022-10-21,86.9699999999998
1501,3797.34,2022-10-24,44.590000000000146
1502,3859.11,2022-10-25,61.76999999999998
1503,3830.6,2022-10-26,-28.51000000000022
1504,3807.3,2022-10-27,-23.299999999999727
1505,3901.06,2022-10-28,93.75999999999976
1506,3871.98,2022-10-31,-29.079999999999927
1507,3856.1,2022-11-01,-15.88000000000011
1508,3759.69,2022-11-02,-96.40999999999985
1509,3719.89,2022-11-03,-39.80000000000018
1510,3770.55,2022-11-04,50.66000000000031
1511,3806.8,2022-11-07,36.25
1512,3828.11,2022-11-08,21.309999999999945
1513,3748.57,2022-11-09,-79.53999999999996
1514,3956.37,2022-11-10,207.79999999999973
1515,3992.93,2022-11-11,36.559999999999945
1516,3957.25,2022-11-14,-35.679999999999836
1517,3991.73,2022-11-15,34.48000000000002
1518,3958.79,2022-11-16,-32.940000000000055
1519,3946.56,2022-11-17,-12.230000000000018
1520,3965.34,2022-11-18,18.7800000000002
1521,3949.94,2022-11-21,-15.400000000000091
1522,4003.58,2022-11-22,53.63999999999987
1523,4027.26,2022-11-23,23.68000000000029
1525,4026.12,2022-11-25,-1.1400000000003274
1526,3963.94,2022-11-28,-62.179999999999836
1527,3957.63,2022-11-29,-6.309999999999945
1528,4080.11,2022-11-30,122.48000000000002
1529,4076.57,2022-12-01,-3.5399999999999636
1530,4071.7,2022-12-02,-4.870000000000346
1531,3998.84,2022-12-05,-72.85999999999967
1532,3941.26,2022-12-06,-57.57999999999993
1533,3933.92,2022-12-07,-7.3400000000001455
1534,3963.51,2022-12-08,29.590000000000146
1535,3934.38,2022-12-09,-29.13000000000011
1536,3990.56,2022-12-12,56.179999999999836
1537,4019.65,2022-12-13,29.090000000000146
1538,3995.32,2022-12-14,-24.329999999999927
1539,3895.75,2022-12-15,-99.57000000000016
1540,3852.36,2022-12-16,-43.38999999999987
1541,3817.66,2022-12-19,-34.70000000000027
1542,3821.62,2022-12-20,3.9600000000000364
1543,3878.44,2022-12-21,56.820000000000164
1544,3822.39,2022-12-22,-56.05000000000018
1545,3844.82,2022-12-23,22.43000000000029
1547,3829.25,2022-12-27,-15.570000000000164
1548,3783.22,2022-12-28,-46.0300000000002
1549,3849.28,2022-12-29,66.0600000000004
1550,3839.5,2022-12-30,-9.7800000000002
1552,3824.14,2023-01-03,-15.360000000000127
1553,3852.97,2023-01-04,28.829999999999927
1554,3808.1,2023-01-05,-44.86999999999989
1555,3895.08,2023-01-06,86.98000000000002
1556,3892.09,2023-01-09,-2.9899999999997817
1557,3919.25,2023-01-10,27.159999999999854
1558,3969.61,2023-01-11,50.36000000000013
1559,3983.17,2023-01-12,13.559999999999945
1560,3999.09,2023-01-13,15.920000000000073
1562,3990.97,2023-01-17,-8.120000000000346
1563,3928.86,2023-01-18,-62.10999999999967
1564,3898.85,2023-01-19,-30.01000000000022
1565,3972.61,2023-01-20,73.76000000000022
1566,4019.81,2023-01-23,47.19999999999982
1567,4016.95,2023-01-24,-2.8600000000001273
1568,4016.22,2023-01-25,-0.7300000000000182
1569,4060.43,2023-01-26,44.210000000000036
1570,4070.56,2023-01-27,10.13000000000011
1571,4017.77,2023-01-30,-52.789999999999964
1572,4076.6,2023-01-31,58.82999999999993
1573,4119.21,2023-02-01,42.61000000000013
1574,4179.76,2023-02-02,60.55000000000018
1575,4136.48,2023-02-03,-43.280000000000655
1576,4111.08,2023-02-06,-25.399999999999636
1577,4164.0,2023-02-07,52.92000000000007
1578,4117.86,2023-02-08,-46.14000000000033
1579,4081.5,2023-02-09,-36.35999999999967
1580,4090.46,2023-02-10,8.960000000000036
1581,4137.29,2023-02-13,46.82999999999993
1582,4136.13,2023-02-14,-1.1599999999998545
1583,4147.6,2023-02-15,11.470000000000255
1584,4090.41,2023-02-16,-57.19000000000051
1585,4079.09,2023-02-17,-11.319999999999709
1587,3997.34,2023-02-21,-81.75
1588,3991.05,2023-02-22,-6.289999999999964
1589,4012.32,2023-02-23,21.269999999999982
1590,3970.04,2023-02-24,-42.2800000000002
1591,3982.24,2023-02-27,12.199999999999818
1592,3970.15,2023-02-28,-12.08999999999969
1593,3951.39,2023-03-01,-18.76000000000022
1594,3981.35,2023-03-02,29.960000000000036
1595,4045.64,2023-03-03,64.28999999999996
1596,4048.42,2023-03-06,2.7800000000002
1597,3986.37,2023-03-07,-62.05000000000018
1598,3992.01,2023-03-08,5.640000000000327
1599,3918.32,2023-03-09,-73.69000000000005
1600,3861.59,2023-03-10,-56.73000000000002
1601,3855.76,2023-03-13,-5.829999999999927
1602,3919.29,2023-03-14,63.529999999999745
1603,3891.93,2023-03-15,-27.360000000000127
1604,3960.28,2023-03-16,68.35000000000036
1605,3916.64,2023-03-17,-43.64000000000033
1606,3951.57,2023-03-20,34.93000000000029
1607,4002.87,2023-03-21,51.29999999999973
1608,3936.97,2023-03-22,-65.90000000000009
1609,3948.72,2023-03-23,11.75
1610,3970.99,2023-03-24,22.269999999999982
1611,3977.53,2023-03-27,6.540000000000418
1612,3971.27,2023-03-28,-6.260000000000218
1613,4027.81,2023-03-29,56.539999999999964
1614,4050.83,2023-03-30,23.019999999999982
1615,4109.31,2023-03-31,58.48000000000047
1616,4124.51,2023-04-03,15.199999999999818
1617,4100.6,2023-04-04,-23.909999999999854
1618,4090.38,2023-04-05,-10.220000000000255
1619,4105.02,2023-04-06,14.640000000000327
1621,4109.11,2023-04-10,4.089999999999236
1622,4108.94,2023-04-11,-0.17000000000007276
1623,4091.95,2023-04-12,-16.98999999999978
1624,4146.22,2023-04-13,54.27000000000044
1625,4137.64,2023-04-14,-8.579999999999927
1626,4151.32,2023-04-17,13.679999999999382
1627,4154.87,2023-04-18,3.550000000000182
1628,4154.52,2023-04-19,-0.3499999999994543
1629,4129.79,2023-04-20,-24.730000000000473
1630,4133.52,2023-04-21,3.730000000000473
1631,4137.04,2023-04-24,3.519999999999527
1632,4071.63,2023-04-25,-65.40999999999985
1633,4055.99,2023-04-26,-15.640000000000327
1634,4135.35,2023-04-27,79.36000000000058
1635,4169.48,2023-04-28,34.1299999999992
1636,4167.87,2023-05-01,-1.6099999999996726
1637,4119.58,2023-05-02,-48.289999999999964
1638,4090.75,2023-05-03,-28.829999999999927
1639,4061.22,2023-05-04,-29.5300000000002
1640,4136.25,2023-05-05,75.0300000000002
1641,4138.12,2023-05-08,1.8699999999998909
1642,4119.17,2023-05-09,-18.949999999999818
1643,4137.64,2023-05-10,18.470000000000255
1644,4130.62,2023-05-11,-7.020000000000437
1645,4124.08,2023-05-12,-6.539999999999964
1646,4136.28,2023-05-15,12.199999999999818
1647,4109.9,2023-05-16,-26.38000000000011
1648,4158.77,2023-05-17,48.8700000000008
1649,4198.05,2023-05-18,39.279999999999745
1650,4191.98,2023-05-19,-6.0700000000006185
1651,4192.63,2023-05-22,0.6500000000005457
1652,4145.58,2023-05-23,-47.05000000000018
1653,4115.24,2023-05-24,-30.340000000000146
1654,4151.28,2023-05-25,36.039999999999964
1655,4205.45,2023-05-26,54.17000000000007
1657,4205.52,2023-05-30,0.07000000000061846
1658,4179.83,2023-05-31,-25.69000000000051
1659,4221.02,2023-06-01,41.19000000000051
1660,4282.37,2023-06-02,61.349999999999454
1661,4273.79,2023-06-05,-8.579999999999927
1662,4283.85,2023-06-06,10.0600000000004
1663,4267.52,2023-06-07,-16.329999999999927
1664,4293.93,2023-06-08,26.409999999999854
1665,4298.86,2023-06-09,4.9299999999993815
1666,4338.93,2023-06-12,40.07000000000062
1667,4369.01,2023-06-13,30.079999999999927
1668,4372.59,2023-06-14,3.5799999999999272
1669,4425.84,2023-06-15,53.25
1670,4409.59,2023-06-16,-16.25
1672,4388.71,2023-06-20,-20.88000000000011
1673,4365.69,2023-06-21,-23.020000000000437
1674,4381.89,2023-06-22,16.200000000000728
1675,4348.33,2023-06-23,-33.5600000000004
1676,4328.82,2023-06-26,-19.51000000000022
1677,4378.41,2023-06-27,49.590000000000146
1678,4376.86,2023-06-28,-1.550000000000182
1679,4396.44,2023-06-29,19.579999999999927
1680,4450.38,2023-06-30,53.94000000000051
1681,4455.59,2023-07-03,5.210000000000036
1683,4446.82,2023-07-05,-8.770000000000437
1684,4411.59,2023-07-06,-35.22999999999956
1685,4398.95,2023-07-07,-12.640000000000327
1686,4409.53,2023-07-10,10.579999999999927
1687,4439.26,2023-07-11,29.730000000000473
1688,4472.16,2023-07-12,32.899999999999636
1689,4510.04,2023-07-13,37.88000000000011
1690,4505.42,2023-07-14,-4.619999999999891
1691,4522.79,2023-07-17,17.36999999999989
1692,4554.98,2023-07-18,32.1899999999996
1693,4565.72,2023-07-19,10.740000000000691
1694,4534.87,2023-07-20,-30.850000000000364
1695,4536.34,2023-07-21,1.4700000000002547
1696,4554.64,2023-07-24,18.300000000000182
1697,4567.46,2023-07-25,12.819999999999709
1698,4566.75,2023-07-26,-0.7100000000000364
1699,4537.41,2023-07-27,-29.340000000000146
1700,4582.23,2023-07-28,44.81999999999971
1701,4588.96,2023-07-31,6.730000000000473
1702,4576.73,2023-08-01,-12.230000000000473
1703,4513.39,2023-08-02,-63.339999999999236
1704,4501.89,2023-08-03,-11.5
1705,4478.03,2023-08-04,-23.860000000000582
1706,4518.44,2023-08-07,40.409999999999854
1707,4499.38,2023-08-08,-19.05999999999949
1708,4467.71,2023-08-09,-31.670000000000073
1709,4468.83,2023-08-10,1.1199999999998909
1710,4464.05,2023-08-11,-4.779999999999745
1711,4489.72,2023-08-14,25.670000000000073
1712,4437.86,2023-08-15,-51.86000000000058
1713,4404.33,2023-08-16,-33.529999999999745
1714,4370.36,2023-08-17,-33.970000000000255
1715,4369.71,2023-08-18,-0.6499999999996362
1716,4399.77,2023-08-21,30.0600000000004
1717,4387.55,2023-08-22,-12.220000000000255
1718,4436.01,2023-08-23,48.460000000000036
1719,4376.31,2023-08-24,-59.69999999999982
1720,4405.71,2023-08-25,29.399999999999636
1721,4433.31,2023-08-28,27.600000000000364
1722,4497.63,2023-08-29,64.31999999999971
1723,4514.87,2023-08-30,17.23999999999978
1724,4507.66,2023-08-31,-7.210000000000036
1725,4515.77,2023-09-01,8.110000000000582
1727,4496.83,2023-09-05,-18.94000000000051
1728,4465.48,2023-09-06,-31.350000000000364
1729,4451.14,2023-09-07,-14.339999999999236
1730,4457.49,2023-09-08,6.349999999999454
1731,4487.46,2023-09-11,29.970000000000255
1732,4461.9,2023-09-12,-25.5600000000004
1733,4467.44,2023-09-13,5.539999999999964
1734,4505.1,2023-09-14,37.660000000000764
1735,4450.32,2023-09-15,-54.780000000000655
1736,4453.53,2023-09-18,3.2100000000000364
1737,4443.95,2023-09-19,-9.579999999999927
1738,4402.2,2023-09-20,-41.75
1739,4330.0,2023-09-21,-72.19999999999982
1740,4320.06,2023-09-22,-9.9399999999996
1741,4337.44,2023-09-25,17.3799999999992
1742,4273.53,2023-09-26,-63.909999999999854
1743,4274.51,2023-09-27,0.9800000000004729
1744,4299.7,2023-09-28,25.1899999999996
1745,4288.05,2023-09-29,-11.649999999999636
1746,4288.39,2023-10-02,0.3400000000001455
1747,4229.45,2023-10-03,-58.94000000000051
1748,4263.75,2023-10-04,34.30000000000018
1749,4258.19,2023-10-05,-5.5600000000004
1750,4308.5,2023-10-06,50.3100000000004
1751,4335.66,2023-10-09,27.159999999999854
1752,4358.24,2023-10-10,22.579999999999927
1753,4376.95,2023-10-11,18.710000000000036
1754,4349.61,2023-10-12,-27.340000000000146
1755,4327.78,2023-10-13,-21.829999999999927
1756,4373.63,2023-10-16,45.850000000000364
1757,4373.2,2023-10-17,-0.43000000000029104
1758,4314.6,2023-10-18,-58.599999999999454
1759,4278.0,2023-10-19,-36.600000000000364
1760,4224.16,2023-10-20,-53.840000000000146
1761,4217.04,2023-10-23,-7.119999999999891
1762,4247.68,2023-10-24,30.640000000000327
1763,4186.77,2023-10-25,-60.909999999999854
1764,4137.23,2023-10-26,-49.54000000000087
1765,4117.37,2023-10-27,-19.859999999999673
1766,4166.82,2023-10-30,49.44999999999982
1767,4193.8,2023-10-31,26.980000000000473
1768,4237.86,2023-11-01,44.05999999999949
1769,4317.78,2023-11-02,79.92000000000007
1770,4358.34,2023-11-03,40.5600000000004
1771,4365.98,2023-11-06,7.639999999999418
1772,4378.38,2023-11-07,12.400000000000546
1773,4382.78,2023-11-08,4.399999999999636
1774,4347.35,2023-11-09,-35.42999999999938
1775,4415.24,2023-11-10,67.88999999999942
1776,4411.55,2023-11-13,-3.6899999999996
1777,4495.7,2023-11-14,84.14999999999964
1778,4502.88,2023-11-15,7.180000000000291
1779,4508.24,2023-11-16,5.359999999999673
1780,4514.02,2023-11-17,5.780000000000655
1781,4547.38,2023-11-20,33.35999999999967
1782,4538.19,2023-11-21,-9.19000000000051
1783,4556.62,2023-11-22,18.43000000000029
1785,4559.34,2023-11-24,2.7200000000002547
1786,4550.43,2023-11-27,-8.909999999999854
1787,4554.89,2023-11-28,4.460000000000036
1788,4550.58,2023-11-29,-4.3100000000004
1789,4567.8,2023-11-30,17.220000000000255
1790,4594.63,2023-12-01,26.829999999999927
1791,4569.78,2023-12-04,-24.850000000000364
1792,4567.18,2023-12-05,-2.5999999999994543
1793,4549.34,2023-12-06,-17.840000000000146
1794,4585.59,2023-12-07,36.25
1795,4604.37,2023-12-08,18.779999999999745
1796,4622.44,2023-12-11,18.06999999999971
1797,4643.7,2023-12-12,21.26000000000022
1798,4707.09,2023-12-13,63.39000000000033
1799,4719.55,2023-12-14,12.460000000000036
1800,4719.19,2023-12-15,-0.3600000000005821
1801,4740.56,2023-12-18,21.3700000000008
1802,4768.37,2023-12-19,27.80999999999949
1803,4698.35,2023-12-20,-70.01999999999953
1804,4746.75,2023-12-21,48.399999999999636
1805,4754.63,2023-12-22,7.880000000000109
1807,4774.75,2023-12-26,20.11999999999989
1808,4781.58,2023-12-27,6.829999999999927
1809,4783.35,2023-12-28,1.7700000000004366
1810,4769.83,2023-12-29,-13.520000000000437
1812,4742.83,2024-01-02,-27.0
1813,4704.81,2024-01-03,-38.01999999999953
1814,4688.68,2024-01-04,-16.13000000000011
1815,4697.24,2024-01-05,8.55999999999949
1816,4763.54,2024-01-08,66.30000000000018
1817,4756.5,2024-01-09,-7.039999999999964
1818,4783.45,2024-01-10,26.949999999999818
1819,4780.24,2024-01-11,-3.2100000000000364
1820,4783.83,2024-01-12,3.5900000000001455
1822,4765.98,2024-01-16,-17.850000000000364
1823,4739.21,2024-01-17,-26.769999999999527
1824,4780.94,2024-01-18,41.72999999999956
1825,4839.81,2024-01-19,58.8700000000008
1826,4850.43,2024-01-22,10.61999999999989
1827,4864.6,2024-01-23,14.170000000000073
1828,4868.55,2024-01-24,3.949999999999818
1829,4894.16,2024-01-25,25.609999999999673
1830,4890.97,2024-01-26,-3.1899999999996
1831,4927.93,2024-01-29,36.960000000000036
1832,4924.97,2024-01-30,-2.9600000000000364
1833,4845.65,2024-01-31,-79.32000000000062
1834,4906.19,2024-02-01,60.539999999999964
1835,4958.61,2024-02-02,52.42000000000007
1836,4942.81,2024-02-05,-15.799999999999272
1837,4954.23,2024-02-06,11.419999999999163
1838,4995.06,2024-02-07,40.83000000000084
1839,4997.91,2024-02-08,2.8499999999994543
1840,5026.61,2024-02-09,28.699999999999818
1841,5021.84,2024-02-12,-4.769999999999527
1842,4953.17,2024-02-13,-68.67000000000007
1843,5000.62,2024-02-14,47.44999999999982
1844,5029.73,2024-02-15,29.109999999999673
1845,5005.57,2024-02-16,-24.159999999999854
1847,4975.51,2024-02-20,-30.05999999999949
1848,4981.8,2024-02-21,6.289999999999964
1849,5087.03,2024-02-22,105.22999999999956
1850,5088.8,2024-02-23,1.7700000000004366
1851,5069.53,2024-02-26,-19.270000000000437
1852,5078.18,2024-02-27,8.650000000000546
1853,5069.76,2024-02-28,-8.420000000000073
1854,5096.27,2024-02-29,26.51000000000022
1855,5137.08,2024-03-01,40.80999999999949
1856,5130.95,2024-03-04,-6.130000000000109
1857,5078.65,2024-03-05,-52.30000000000018
1858,5104.76,2024-03-06,26.110000000000582
1859,5157.36,2024-03-07,52.599999999999454
1860,5123.69,2024-03-08,-33.67000000000007
1861,5117.94,2024-03-11,-5.75
1862,5175.27,2024-03-12,57.33000000000084
1863,5165.31,2024-03-13,-9.960000000000036
1864,5150.48,2024-03-14,-14.830000000000837
1865,5117.09,2024-03-15,-33.38999999999942
1866,5149.42,2024-03-18,32.32999999999993
1867,5178.51,2024-03-19,29.090000000000146
1868,5224.62,2024-03-20,46.10999999999967
1869,5241.53,2024-03-21,16.909999999999854
1870,5234.18,2024-03-22,-7.349999999999454
1871,5218.19,2024-03-25,-15.990000000000691
1872,5203.58,2024-03-26,-14.609999999999673
1873,5248.49,2024-03-27,44.909999999999854
1874,5254.35,2024-03-28,5.860000000000582
1876,5243.77,2024-04-01,-10.579999999999927
1877,5205.81,2024-04-02,-37.960000000000036
1878,5211.49,2024-04-03,5.6799999999993815
1879,5147.21,2024-04-04,-64.27999999999975
1880,5204.34,2024-04-05,57.13000000000011
1881,5202.39,2024-04-08,-1.949999999999818
1882,5209.91,2024-04-09,7.519999999999527
1883,5160.64,2024-04-10,-49.26999999999953
1884,5199.06,2024-04-11,38.42000000000007
1885,5123.41,2024-04-12,-75.65000000000055
1886,5061.82,2024-04-15,-61.590000000000146
1887,5051.41,2024-04-16,-10.409999999999854
1888,5022.21,2024-04-17,-29.199999999999818
1889,5011.12,2024-04-18,-11.090000000000146
1890,4967.23,2024-04-19,-43.89000000000033
1891,5010.6,2024-04-22,43.3700000000008
1892,5070.55,2024-04-23,59.94999999999982
1893,5071.63,2024-04-24,1.0799999999999272
1894,5048.42,2024-04-25,-23.210000000000036
1895,5099.96,2024-04-26,51.539999999999964
1896,5116.17,2024-04-29,16.210000000000036
1897,5035.69,2024-04-30,-80.48000000000047
1898,5018.39,2024-05-01,-17.299999999999272
1899,5064.2,2024-05-02,45.80999999999949
1900,5127.79,2024-05-03,63.590000000000146
1901,5180.74,2024-05-06,52.94999999999982
1902,5187.7,2024-05-07,6.960000000000036
1903,5187.67,2024-05-08,-0.02999999999974534
1904,5214.08,2024-05-09,26.409999999999854
1905,5222.68,2024-05-10,8.600000000000364
1906,5221.42,2024-05-13,-1.2600000000002183
1907,5246.68,2024-05-14,25.26000000000022
1908,5308.15,2024-05-15,61.469999999999345
1909,5297.1,2024-05-16,-11.049999999999272
1910,5303.27,2024-05-17,6.170000000000073
1911,5308.13,2024-05-20,4.859999999999673
1912,5321.41,2024-05-21,13.279999999999745
1913,5307.01,2024-05-22,-14.399999999999636
1914,5267.84,2024-05-23,-39.17000000000007
1915,5304.72,2024-05-24,36.88000000000011
1917,5306.04,2024-05-28,1.319999999999709
1918,5266.95,2024-05-29,-39.090000000000146
1919,5235.48,2024-05-30,-31.470000000000255
1920,5277.51,2024-05-31,42.030000000000655
1921,5283.4,2024-06-03,5.889999999999418
1922,5291.34,2024-06-04,7.940000000000509
1923,5354.03,2024-06-05,62.6899999999996
1924,5352.96,2024-06-06,-1.069999999999709
1925,5346.99,2024-06-07,-5.970000000000255
1926,5360.79,2024-06-10,13.800000000000182
1927,5375.32,2024-06-11,14.529999999999745
1928,5421.03,2024-06-12,45.710000000000036
1929,5433.74,2024-06-13,12.710000000000036
1930,5431.6,2024-06-14,-2.139999999999418
1931,5473.23,2024-06-17,41.6299999999992
1932,5487.03,2024-06-18,13.800000000000182
1934,5473.17,2024-06-20,-13.859999999999673
1935,5464.62,2024-06-21,-8.550000000000182
1936,5447.87,2024-06-24,-16.75
1937,5469.3,2024-06-25,21.43000000000029
1938,5477.9,2024-06-26,8.599999999999454
1939,5482.87,2024-06-27,4.970000000000255
1940,5460.48,2024-06-28,-22.390000000000327
1941,5475.09,2024-07-01,14.610000000000582
1942,5509.01,2024-07-02,33.92000000000007
1943,5537.02,2024-07-03,28.01000000000022
1945,5567.19,2024-07-05,30.169999999999163
1946,5572.85,2024-07-08,5.660000000000764
1947,5576.98,2024-07-09,4.1299999999992
1948,5633.91,2024-07-10,56.93000000000029
1949,5584.54,2024-07-11,-49.36999999999989
1950,5615.35,2024-07-12,30.8100000000004
1951,5631.22,2024-07-15,15.86999999999989
1952,5667.2,2024-07-16,35.97999999999956
1953,5588.27,2024-07-17,-78.92999999999938
1954,5544.59,2024-07-18,-43.68000000000029
1955,5505.0,2024-07-19,-39.590000000000146
1956,5564.41,2024-07-22,59.409999999999854
1957,5555.74,2024-07-23,-8.670000000000073
1958,5427.13,2024-07-24,-128.60999999999967
1959,5399.22,2024-07-25,-27.909999999999854
1960,5459.1,2024-07-26,59.88000000000011
1961,5463.54,2024-07-29,4.4399999999996
1962,5436.44,2024-07-30,-27.100000000000364
1963,5522.3,2024-07-31,85.86000000000058
1964,5446.68,2024-08-01,-75.61999999999989
1965,5346.56,2024-08-02,-100.11999999999989
1966,5186.33,2024-08-05,-160.23000000000047
1967,5240.03,2024-08-06,53.69999999999982
1968,5199.5,2024-08-07,-40.529999999999745
1969,5319.31,2024-08-08,119.8100000000004
1970,5344.16,2024-08-09,24.849999999999454
1971,5344.39,2024-08-12,0.23000000000047294
1972,5434.43,2024-08-13,90.03999999999996
1973,5455.21,2024-08-14,20.779999999999745
1974,5543.22,2024-08-15,88.01000000000022
1975,5554.25,2024-08-16,11.029999999999745
1976,5608.25,2024-08-19,54.0
1977,5597.12,2024-08-20,-11.13000000000011
1978,5620.85,2024-08-21,23.730000000000473
1979,5570.64,2024-08-22,-50.210000000000036
1980,5634.61,2024-08-23,63.969999999999345
1981,5616.84,2024-08-26,-17.769999999999527
1982,5625.8,2024-08-27,8.960000000000036
1983,5592.18,2024-08-28,-33.61999999999989
1984,5591.96,2024-08-29,-0.22000000000025466
1985,5648.4,2024-08-30,56.4399999999996
1987,5528.93,2024-09-03,-119.46999999999935
1988,5520.07,2024-09-04,-8.860000000000582
1989,5503.41,2024-09-05,-16.659999999999854
1990,5408.42,2024-09-06,-94.98999999999978
1991,5471.05,2024-09-09,62.63000000000011
1992,5495.52,2024-09-10,24.470000000000255
1993,5554.13,2024-09-11,58.60999999999967
1994,5595.76,2024-09-12,41.63000000000011
1995,5626.02,2024-09-13,30.26000000000022
1996,5633.09,2024-09-16,7.069999999999709
1997,5634.58,2024-09-17,1.4899999999997817
1998,5618.26,2024-09-18,-16.31999999999971
1999,5713.64,2024-09-19,95.38000000000011
2000,5702.55,2024-09-20,-11.090000000000146
2001,5718.57,2024-09-23,16.019999999999527
2002,5732.93,2024-09-24,14.360000000000582
2003,5722.26,2024-09-25,-10.670000000000073
2004,5745.37,2024-09-26,23.109999999999673
2005,5738.17,2024-09-27,-7.199999999999818
2006,5762.48,2024-09-30,24.30999999999949
2007,5708.75,2024-10-01,-53.72999999999956
2008,5709.54,2024-10-02,0.7899999999999636
2009,5699.94,2024-10-03,-9.600000000000364
2010,5751.07,2024-10-04,51.13000000000011
2011,5695.94,2024-10-07,-55.13000000000011
2012,5751.13,2024-10-08,55.19000000000051
2013,5792.04,2024-10-09,40.909999999999854
2014,5780.05,2024-10-10,-11.989999999999782
2015,5815.03,2024-10-11,34.97999999999956
2016,5859.85,2024-10-14,44.82000000000062
2017,5815.26,2024-10-15,-44.590000000000146
2018,5842.47,2024-10-16,27.210000000000036
2019,5841.47,2024-10-17,-1.0
2020,5864.67,2024-10-18,23.199999999999818
2021,5853.98,2024-10-21,-10.69000000000051
2022,5851.2,2024-10-22,-2.7799999999997453
2023,5797.42,2024-10-23,-53.779999999999745
2024,5809.86,2024-10-24,12.4399999999996
2025,5808.12,2024-10-25,-1.7399999999997817
2026,5823.52,2024-10-28,15.400000000000546
2027,5832.92,2024-10-29,9.399999999999636
2028,5813.67,2024-10-30,-19.25
2029,5705.45,2024-10-31,-108.22000000000025
2030,5728.8,2024-11-01,23.350000000000364
2031,5712.69,2024-11-04,-16.110000000000582
2032,5782.76,2024-11-05,70.07000000000062
2033,5929.04,2024-11-06,146.27999999999975
2034,5973.1,2024-11-07,44.0600000000004
2035,5995.54,2024-11-08,22.4399999999996
2036,6001.35,2024-11-11,5.8100000000004
2037,5983.99,2024-11-12,-17.360000000000582
2038,5985.38,2024-11-13,1.3900000000003274
2039,5949.17,2024-11-14,-36.210000000000036
2040,5870.62,2024-11-15,-78.55000000000018
2041,5893.62,2024-11-18,23.0
2042,5916.98,2024-11-19,23.359999999999673
2043,5917.11,2024-11-20,0.13000000000010914
2044,5948.71,2024-11-21,31.600000000000364
2045,5969.34,2024-11-22,20.63000000000011
2046,5987.37,2024-11-25,18.029999999999745
2047,6021.63,2024-11-26,34.26000000000022
2048,5998.74,2024-11-27,-22.890000000000327
2050,6032.38,2024-11-29,33.64000000000033
2051,6047.15,2024-12-02,14.769999999999527
2052,6049.88,2024-12-03,2.730000000000473
2053,6086.49,2024-12-04,36.60999999999967
2054,6075.11,2024-12-05,-11.38000000000011
2055,6090.27,2024-12-06,15.160000000000764
2056,6052.85,2024-12-09,-37.42000000000007
2057,6034.91,2024-12-10,-17.94000000000051
2058,6084.19,2024-12-11,49.279999999999745
2059,6051.25,2024-12-12,-32.9399999999996
2060,6051.09,2024-12-13,-0.15999999999985448
2061,6074.08,2024-12-16,22.98999999999978
2062,6050.61,2024-12-17,-23.470000000000255
2063,5872.16,2024-12-18,-178.44999999999982
2064,5867.08,2024-12-19,-5.079999999999927
2065,5930.85,2024-12-20,63.77000000000044
2066,5974.07,2024-12-23,43.219999999999345
2067,6040.04,2024-12-24,65.97000000000025
2069,6037.59,2024-12-26,-2.449999999999818
2070,5970.84,2024-12-27,-66.75
2071,5906.94,2024-12-30,-63.900000000000546
2072,5881.63,2024-12-31,-25.30999999999949
2074,5868.55,2025-01-02,-13.079999999999927
2075,5942.47,2025-01-03,73.92000000000007
2076,5975.38,2025-01-06,32.909999999999854
2077,5909.03,2025-01-07,-66.35000000000036
2078,5918.25,2025-01-08,9.220000000000255
2080,5827.04,2025-01-10,-91.21000000000004
2081,5836.22,2025-01-13,9.180000000000291
2082,5842.91,2025-01-14,6.6899999999996
2083,5949.91,2025-01-15,107.0
2084,5937.34,2025-01-16,-12.569999999999709
2085,5996.66,2025-01-17,59.31999999999971
2087,6049.24,2025-01-21,52.57999999999993
2088,6086.37,2025-01-22,37.13000000000011
2089,6118.71,2025-01-23,32.340000000000146
2090,6101.24,2025-01-24,-17.470000000000255
2091,6012.28,2025-01-27,-88.96000000000004
2092,6067.7,2025-01-28,55.42000000000007
2093,6039.31,2025-01-29,-28.389999999999418
2094,6071.17,2025-01-30,31.859999999999673
2095,6040.53,2025-01-31,-30.640000000000327
2096,5994.57,2025-02-03,-45.960000000000036
2097,6037.88,2025-02-04,43.3100000000004
2098,6061.48,2025-02-05,23.599999999999454
2099,6083.57,2025-02-06,22.090000000000146
2100,6025.99,2025-02-07,-57.57999999999993
2101,6066.44,2025-02-10,40.44999999999982
2102,6068.5,2025-02-11,2.0600000000004
2103,6051.97,2025-02-12,-16.529999999999745
2104,6115.07,2025-02-13,63.099999999999454
2105,6114.63,2025-02-14,-0.4399999999995998
2107,6129.58,2025-02-18,14.949999999999818
2108,6144.15,2025-02-19,14.569999999999709
2109,6117.52,2025-02-20,-26.6299999999992
2110,6013.13,2025-02-21,-104.39000000000033
2111,5983.25,2025-02-24,-29.88000000000011
2112,5955.25,2025-02-25,-28.0
2113,5956.06,2025-02-26,0.8100000000004002
2114,5861.57,2025-02-27,-94.49000000000069
2115,5954.5,2025-02-28,92.93000000000029
2116,5849.72,2025-03-03,-104.77999999999975
2117,5778.15,2025-03-04,-71.57000000000062
2118,5842.63,2025-03-05,64.48000000000047
2119,5738.52,2025-03-06,-104.10999999999967
2120,5770.2,2025-03-07,31.67999999999938
2121,5614.56,2025-03-10,-155.63999999999942
2122,5572.07,2025-03-11,-42.49000000000069
2123,5599.3,2025-03-12,27.230000000000473
2124,5521.52,2025-03-13,-77.77999999999975
2125,5638.94,2025-03-14,117.41999999999916
2126,5675.12,2025-03-17,36.18000000000029
2127,5614.66,2025-03-18,-60.460000000000036
2128,5675.29,2025-03-19,60.63000000000011
2129,5662.89,2025-03-20,-12.399999999999636
2130,5667.56,2025-03-21,4.670000000000073
2131,5767.57,2025-03-24,100.00999999999931
2132,5776.65,2025-03-25,9.079999999999927
2133,5712.2,2025-03-26,-64.44999999999982
2134,5693.31,2025-03-27,-18.889999999999418
2135,5580.94,2025-03-28,-112.3700000000008
2136,5611.85,2025-03-31,30.910000000000764
2137,5633.07,2025-04-01,21.219999999999345
2138,5670.97,2025-04-02,37.900000000000546
2139,5396.52,2025-04-03,-274.4499999999998
2140,5074.08,2025-04-04,-322.4400000000005
2141,5062.25,2025-04-07,-11.829999999999927
2142,4982.77,2025-04-08,-79.47999999999956
2143,5456.9,2025-04-09,474.1299999999992
2144,5268.05,2025-04-10,-188.84999999999945
2145,5363.36,2025-04-11,95.30999999999949
2146,5405.97,2025-04-14,42.61000000000058
2147,5396.63,2025-04-15,-9.340000000000146
2148,5275.7,2025-04-16,-120.93000000000029
2149,5282.7,2025-04-17,7.0
2151,5158.2,2025-04-21,-124.5
2152,5287.76,2025-04-22,129.5600000000004
2153,5375.86,2025-04-23,88.09999999999945
2154,5484.77,2025-04-24,108.91000000000076
2155,5525.21,2025-04-25,40.4399999999996
2156,5528.75,2025-04-28,3.5399999999999636
2157,5560.83,2025-04-29,32.07999999999993
2158,5569.06,2025-04-30,8.230000000000473
2159,5604.14,2025-05-01,35.07999999999993
2160,5686.67,2025-05-02,82.52999999999975
2161,5650.38,2025-05-05,-36.289999999999964
2162,5606.91,2025-05-06,-43.470000000000255
2163,5631.28,2025-05-07,24.36999999999989
2164,5663.94,2025-05-08,32.659999999999854
2165,5659.91,2025-05-09,-4.029999999999745
2166,5844.19,2025-05-12,184.27999999999975
2167,5886.55,2025-05-13,42.36000000000058
2168,5892.58,2025-05-14,6.029999999999745
2169,5916.93,2025-05-15,24.350000000000364
2170,5958.38,2025-05-16,41.44999999999982
2171,5963.6,2025-05-19,5.220000000000255
2172,5940.46,2025-05-20,-23.140000000000327
2173,5844.61,2025-05-21,-95.85000000000036
2174,5842.01,2025-05-22,-2.5999999999994543
2175,5802.82,2025-05-23,-39.19000000000051
2177,5921.54,2025-05-27,118.72000000000025
2178,5888.55,2025-05-28,-32.98999999999978
2179,5912.17,2025-05-29,23.61999999999989
2180,5911.69,2025-05-30,-0.48000000000047294
2181,5935.94,2025-06-02,24.25
2182,5970.37,2025-06-03,34.43000000000029
2183,5970.81,2025-06-04,0.4400000000005093
2184,5939.3,2025-06-05,-31.51000000000022
2185,6000.36,2025-06-06,61.05999999999949
2186,6005.88,2025-06-09,5.520000000000437
2187,6038.81,2025-06-10,32.93000000000029
2188,6022.24,2025-06-11,-16.57000000000062
2189,6045.26,2025-06-12,23.020000000000437
2190,5976.97,2025-06-13,-68.28999999999996
2191,6033.11,2025-06-16,56.13999999999942
2192,5982.72,2025-06-17,-50.38999999999942
2193,5980.87,2025-06-18,-1.8500000000003638
2195,5967.84,2025-06-20,-13.029999999999745
2196,6025.17,2025-06-23,57.32999999999993
2197,6092.18,2025-06-24,67.01000000000022
2198,6092.16,2025-06-25,-0.020000000000436557
2199,6141.02,2025-06-26,48.86000000000058
2200,6173.07,2025-06-27,32.04999999999927
2201,6204.95,2025-06-30,31.88000000000011
2202,6198.01,2025-07-01,-6.9399999999996
2203,6227.42,2025-07-02,29.409999999999854
2204,6279.35,2025-07-03,51.93000000000029
2206,6229.98,2025-07-07,-49.3700000000008
2207,6225.52,2025-07-08,-4.459999999999127
2208,6263.26,2025-07-09,37.73999999999978
2209,6280.46,2025-07-10,17.199999999999818
2210,6259.75,2025-07-11,-20.710000000000036
2211,6268.56,2025-07-14,8.8100000000004
2212,6243.76,2025-07-15,-24.800000000000182
2213,6263.7,2025-07-16,19.9399999999996
2214,6297.36,2025-07-17,33.659999999999854
2215,6296.79,2025-07-18,-0.569999999999709
2216,6305.6,2025-07-21,8.8100000000004
2217,6309.62,2025-07-22,4.019999999999527
2218,6358.91,2025-07-23,49.289999999999964
2219,6363.35,2025-07-24,4.440000000000509
2220,6388.64,2025-07-25,25.289999999999964
2221,6389.77,2025-07-28,1.1300000000001091
2222,6370.86,2025-07-29,-18.910000000000764
2223,6362.9,2025-07-30,-7.960000000000036
2224,6339.39,2025-07-31,-23.50999999999931
2225,6238.01,2025-08-01,-101.38000000000011
2226,6329.94,2025-08-04,91.92999999999938
2227,6299.19,2025-08-05,-30.75
2228,6345.06,2025-08-06,45.8700000000008
2229,6340.0,2025-08-07,-5.0600000000004
2230,6389.45,2025-08-08,49.44999999999982
2231,6373.45,2025-08-11,-16.0
2232,6445.76,2025-08-12,72.3100000000004
2233,6466.58,2025-08-13,20.81999999999971
2234,6468.54,2025-08-14,1.9600000000000364
2235,6449.8,2025-08-15,-18.73999999999978
2236,6449.15,2025-08-18,-0.6500000000005457
2237,6411.37,2025-08-19,-37.779999999999745
2238,6395.78,2025-08-20,-15.590000000000146
2239,6370.17,2025-08-21,-25.609999999999673
2240,6466.91,2025-08-22,96.73999999999978
2241,6439.32,2025-08-25,-27.590000000000146
2242,6465.94,2025-08-26,26.61999999999989
2243,6481.4,2025-08-27,15.460000000000036
2244,6501.86,2025-08-28,20.460000000000036
2245,6460.26,2025-08-29,-41.599999999999454
2247,6415.54,2025-09-02,-44.720000000000255
2248,6448.26,2025-09-03,32.720000000000255
2249,6502.08,2025-09-04,53.81999999999971
2250,6481.5,2025-09-05,-20.579999999999927
2251,6495.15,2025-09-08,13.649999999999636
2252,6512.61,2025-09-09,17.460000000000036
2253,6532.04,2025-09-10,19.43000000000029
2254,6587.47,2025-09-11,55.43000000000029
2255,6584.29,2025-09-12,-3.180000000000291
2256,6615.28,2025-09-15,30.98999999999978
2257,6606.76,2025-09-16,-8.519999999999527
2258,6600.35,2025-09-17,-6.4099999999998545
2259,6631.96,2025-09-18,31.609999999999673
2260,6664.36,2025-09-19,32.399999999999636
2261,6693.75,2025-09-22,29.390000000000327
2262,6656.92,2025-09-23,-36.82999999999993
2263,6637.97,2025-09-24,-18.949999999999818
2264,6604.72,2025-09-25,-33.25
2265,6643.7,2025-09-26,38.97999999999956
2266,6661.21,2025-09-29,17.51000000000022
2267,6688.46,2025-09-30,27.25
2268,6711.2,2025-10-01,22.73999999999978
2269,6715.35,2025-10-02,4.150000000000546
2270,6715.79,2025-10-03,0.4399999999995998
2271,6740.28,2025-10-06,24.48999999999978
2272,6714.59,2025-10-07,-25.6899999999996
2273,6753.72,2025-10-08,39.13000000000011
2274,6735.11,2025-10-09,-18.610000000000582
2275,6552.51,2025-10-10,-182.59999999999945
2276,6654.72,2025-10-13,102.21000000000004
2277,6644.31,2025-10-14,-10.409999999999854
2278,6671.06,2025-10-15,26.75
2279,6629.07,2025-10-16,-41.99000000000069
2280,6664.01,2025-10-17,34.94000000000051
2281,6735.13,2025-10-20,71.11999999999989
2282,6735.35,2025-10-21,0.22000000000025466
2283,6699.4,2025-10-22,-35.95000000000073
2284,6738.44,2025-10-23,39.039999999999964
2285,6791.69,2025-10-24,53.25
2286,6875.16,2025-10-27,83.47000000000025
2287,6890.89,2025-10-28,15.730000000000473
2288,6890.59,2025-10-29,-0.3000000000001819
2289,6822.34,2025-10-30,-68.25
2290,6840.2,2025-10-31,17.859999999999673
2291,6851.97,2025-11-03,11.770000000000437
2292,6771.55,2025-11-04,-80.42000000000007
2293,6796.29,2025-11-05,24.73999999999978
2294,6720.32,2025-11-06,-75.97000000000025
2295,6728.8,2025-11-07,8.480000000000473
2296,6832.43,2025-11-10,103.63000000000011
2297,6846.61,2025-11-11,14.179999999999382
2298,6850.92,2025-11-12,4.3100000000004
2299,6737.49,2025-11-13,-113.43000000000029
2300,6734.11,2025-11-14,-3.380000000000109
2301,6672.41,2025-11-17,-61.69999999999982
2302,6617.32,2025-11-18,-55.090000000000146
2303,6642.16,2025-11-19,24.840000000000146
2304,6538.76,2025-11-20,-103.39999999999964
2305,6602.99,2025-11-21,64.22999999999956
2306,6705.12,2025-11-24,102.13000000000011
2307,6765.88,2025-11-25,60.76000000000022
2308,6812.61,2025-11-26,46.72999999999956
2310,6849.09,2025-11-28,36.48000000000047
2311,6812.63,2025-12-01,-36.460000000000036
2312,6829.37,2025-12-02,16.73999999999978
2313,6849.72,2025-12-03,20.350000000000364
2314,6857.12,2025-12-04,7.399999999999636
2315,6870.4,2025-12-05,13.279999999999745
2316,6846.51,2025-12-08,-23.889999999999418
2317,6840.51,2025-12-09,-6.0
2318,6886.68,2025-12-10,46.17000000000007
2319,6901.0,2025-12-11,14.319999999999709
2320,6827.41,2025-12-12,-73.59000000000015
2321,6816.51,2025-12-15,-10.899999999999636
2322,6800.26,2025-12-16,-16.25
2323,6721.43,2025-12-17,-78.82999999999993
2324,6774.76,2025-12-18,53.32999999999993
2325,6834.5,2025-12-19,59.73999999999978
2326,6878.49,2025-12-22,43.98999999999978
2327,6909.79,2025-12-23,31.300000000000182
2328,6932.05,2025-12-24,22.26000000000022
2330,6929.94,2025-12-26,-2.110000000000582
2331,6905.74,2025-12-29,-24.199999999999818
2332,6896.24,2025-12-30,-9.5
2333,6845.5,2025-12-31,-50.73999999999978
2335,6858.47,2026-01-02,12.970000000000255
2336,6902.05,2026-01-05,43.57999999999993
2337,6944.82,2026-01-06,42.76999999999953
2338,6920.93,2026-01-07,-23.889999999999418
2339,6921.46,2026-01-08,0.5299999999997453
2340,6966.28,2026-01-09,44.81999999999971
2341,6977.27,2026-01-12,10.990000000000691
2342,6963.74,2026-01-13,-13.530000000000655
2343,6926.6,2026-01-14,-37.13999999999942
2344,6944.47,2026-01-15,17.86999999999989
2345,6940.01,2026-01-16,-4.460000000000036
2347,6796.86,2026-01-20,-143.15000000000055
2348,6875.62,2026-01-21,78.76000000000022
2349,6913.35,2026-01-22,37.73000000000047
2350,6915.61,2026-01-23,2.259999999999309
2351,6950.23,2026-01-26,34.61999999999989
2352,6978.6,2026-01-27,28.3700000000008
2353,6978.03,2026-01-28,-0.5700000000006185
2354,6969.01,2026-01-29,-9.019999999999527
2355,6939.03,2026-01-30,-29.980000000000473
2356,6976.44,2026-02-02,37.409999999999854
2357,6917.81,2026-02-03,-58.6299999999992
2358,6882.72,2026-02-04,-35.090000000000146
2359,6798.4,2026-02-05,-84.32000000000062
2360,6932.3,2026-02-06,133.90000000000055
2361,6964.82,2026-02-09,32.51999999999953
2362,6941.81,2026-02-10,-23.00999999999931
2363,6941.47,2026-02-11,-0.3400000000001455
2364,6832.76,2026-02-12,-108.71000000000004
2365,6836.17,2026-02-13,3.4099999999998545
2367,6843.22,2026-02-17,7.050000000000182
2368,6881.31,2026-02-18,38.090000000000146
2369,6861.89,2026-02-19,-19.420000000000073
2370,6909.51,2026-02-20,47.61999999999989
